,W,L,W/L%,GB,PS/G,PA/G,SRS,Year,Team
0,56,26,.683,—,111.5,105.7,5.22,1991,Boston Celtics*
1,44,38,.537,12.0,105.4,105.6,-0.39,1991,Philadelphia 76ers*
2,39,43,.476,17.0,103.1,103.3,-0.43,1991,New York Knicks*
3,30,52,.366,26.0,101.4,106.4,-4.84,1991,Washington Bullets
4,26,56,.317,30.0,102.9,107.5,-4.53,1991,New Jersey Nets
5,24,58,.293,32.0,101.8,107.8,-5.91,1991,Miami Heat
6,Central Division,Central Division,Central Division,Central Division,Central Division,Central Division,Central Division,1991,Central Division
7,61,21,.744,—,110.0,101.0,8.57,1991,Chicago Bulls*
8,50,32,.610,11.0,100.1,96.8,3.08,1991,Detroit Pistons*
9,48,34,.585,13.0,106.4,104.0,2.33,1991,Milwaukee Bucks*
10,43,39,.524,18.0,109.8,109.0,0.72,1991,Atlanta Hawks*
11,41,41,.500,20.0,111.7,112.1,-0.37,1991,Indiana Pacers*
12,33,49,.402,28.0,101.7,104.2,-2.33,1991,Cleveland Cavaliers
13,26,56,.317,35.0,102.8,108.0,-4.95,1991,Charlotte Hornets
0,56,26,.683,—,111.5,105.7,5.22,1991,Boston Celtics*
1,44,38,.537,12.0,105.4,105.6,-0.39,1991,Philadelphia 76ers*
2,39,43,.476,17.0,103.1,103.3,-0.43,1991,New York Knicks*
3,30,52,.366,26.0,101.4,106.4,-4.84,1991,Washington Bullets
4,26,56,.317,30.0,102.9,107.5,-4.53,1991,New Jersey Nets
5,24,58,.293,32.0,101.8,107.8,-5.91,1991,Miami Heat
6,Central Division,Central Division,Central Division,Central Division,Central Division,Central Division,Central Division,1991,Central Division
7,61,21,.744,—,110.0,101.0,8.57,1991,Chicago Bulls*
8,50,32,.610,11.0,100.1,96.8,3.08,1991,Detroit Pistons*
9,48,34,.585,13.0,106.4,104.0,2.33,1991,Milwaukee Bucks*
10,43,39,.524,18.0,109.8,109.0,0.72,1991,Atlanta Hawks*
11,41,41,.500,20.0,111.7,112.1,-0.37,1991,Indiana Pacers*
12,33,49,.402,28.0,101.7,104.2,-2.33,1991,Cleveland Cavaliers
13,26,56,.317,35.0,102.8,108.0,-4.95,1991,Charlotte Hornets
0,51,31,.622,—,106.6,103.0,3.41,1992,Boston Celtics*
1,51,31,.622,—,101.6,97.7,3.67,1992,New York Knicks*
2,40,42,.488,11.0,105.4,107.1,-1.54,1992,New Jersey Nets*
3,38,44,.463,13.0,105.0,109.2,-3.94,1992,Miami Heat*
4,35,47,.427,16.0,101.9,103.2,-1.34,1992,Philadelphia 76ers
5,25,57,.305,26.0,102.4,106.8,-4.35,1992,Washington Bullets
6,21,61,.256,30.0,101.6,108.5,-6.52,1992,Orlando Magic
7,Central Division,Central Division,Central Division,Central Division,Central Division,Central Division,Central Division,1992,Central Division
8,67,15,.817,—,109.9,99.5,10.07,1992,Chicago Bulls*
9,57,25,.695,10.0,108.9,103.4,5.34,1992,Cleveland Cavaliers*
10,48,34,.585,19.0,98.9,96.9,2.06,1992,Detroit Pistons*
11,40,42,.488,27.0,112.2,110.3,1.85,1992,Indiana Pacers*
12,38,44,.463,29.0,106.2,107.7,-1.15,1992,Atlanta Hawks
13,31,51,.378,36.0,105.0,106.7,-1.46,1992,Milwaukee Bucks
14,31,51,.378,36.0,109.5,113.4,-3.57,1992,Charlotte Hornets
0,51,31,.622,—,106.6,103.0,3.41,1992,Boston Celtics*
1,51,31,.622,—,101.6,97.7,3.67,1992,New York Knicks*
2,40,42,.488,11.0,105.4,107.1,-1.54,1992,New Jersey Nets*
3,38,44,.463,13.0,105.0,109.2,-3.94,1992,Miami Heat*
4,35,47,.427,16.0,101.9,103.2,-1.34,1992,Philadelphia 76ers
5,25,57,.305,26.0,102.4,106.8,-4.35,1992,Washington Bullets
6,21,61,.256,30.0,101.6,108.5,-6.52,1992,Orlando Magic
7,Central Division,Central Division,Central Division,Central Division,Central Division,Central Division,Central Division,1992,Central Division
8,67,15,.817,—,109.9,99.5,10.07,1992,Chicago Bulls*
9,57,25,.695,10.0,108.9,103.4,5.34,1992,Cleveland Cavaliers*
10,48,34,.585,19.0,98.9,96.9,2.06,1992,Detroit Pistons*
11,40,42,.488,27.0,112.2,110.3,1.85,1992,Indiana Pacers*
12,38,44,.463,29.0,106.2,107.7,-1.15,1992,Atlanta Hawks
13,31,51,.378,36.0,105.0,106.7,-1.46,1992,Milwaukee Bucks
14,31,51,.378,36.0,109.5,113.4,-3.57,1992,Charlotte Hornets
0,60,22,.732,—,101.6,95.4,5.87,1993,New York Knicks*
1,48,34,.585,12.0,103.7,102.8,0.93,1993,Boston Celtics*
2,43,39,.524,17.0,102.8,101.6,1.20,1993,New Jersey Nets*
3,41,41,.500,19.0,105.5,104.2,1.35,1993,Orlando Magic
4,36,46,.439,24.0,103.6,104.7,-0.93,1993,Miami Heat
5,26,56,.317,34.0,104.3,110.1,-5.25,1993,Philadelphia 76ers
6,22,60,.268,38.0,101.9,108.9,-6.49,1993,Washington Bullets
7,Central Division,Central Division,Central Division,Central Division,Central Division,Central Division,Central Division,1993,Central Division
8,57,25,.695,—,105.2,98.9,6.19,1993,Chicago Bulls*
9,54,28,.659,3.0,107.7,101.3,6.30,1993,Cleveland Cavaliers*
10,44,38,.537,13.0,110.1,110.4,-0.02,1993,Charlotte Hornets*
11,43,39,.524,14.0,107.5,108.4,-0.67,1993,Atlanta Hawks*
12,41,41,.500,16.0,107.8,106.1,1.77,1993,Indiana Pacers*
13,40,42,.488,17.0,100.6,102.0,-1.10,1993,Detroit Pistons
14,28,54,.341,29.0,102.3,106.1,-3.26,1993,Milwaukee Bucks
0,60,22,.732,—,101.6,95.4,5.87,1993,New York Knicks*
1,48,34,.585,12.0,103.7,102.8,0.93,1993,Boston Celtics*
2,43,39,.524,17.0,102.8,101.6,1.20,1993,New Jersey Nets*
3,41,41,.500,19.0,105.5,104.2,1.35,1993,Orlando Magic
4,36,46,.439,24.0,103.6,104.7,-0.93,1993,Miami Heat
5,26,56,.317,34.0,104.3,110.1,-5.25,1993,Philadelphia 76ers
6,22,60,.268,38.0,101.9,108.9,-6.49,1993,Washington Bullets
7,Central Division,Central Division,Central Division,Central Division,Central Division,Central Division,Central Division,1993,Central Division
8,57,25,.695,—,105.2,98.9,6.19,1993,Chicago Bulls*
9,54,28,.659,3.0,107.7,101.3,6.30,1993,Cleveland Cavaliers*
10,44,38,.537,13.0,110.1,110.4,-0.02,1993,Charlotte Hornets*
11,43,39,.524,14.0,107.5,108.4,-0.67,1993,Atlanta Hawks*
12,41,41,.500,16.0,107.8,106.1,1.77,1993,Indiana Pacers*
13,40,42,.488,17.0,100.6,102.0,-1.10,1993,Detroit Pistons
14,28,54,.341,29.0,102.3,106.1,-3.26,1993,Milwaukee Bucks
0,57,25,.695,—,98.5,91.5,6.48,1994,New York Knicks*
1,50,32,.610,7.0,105.7,101.8,3.68,1994,Orlando Magic*
2,45,37,.549,12.0,103.2,101.0,2.11,1994,New Jersey Nets*
3,42,40,.512,15.0,103.4,100.7,2.40,1994,Miami Heat*
4,32,50,.390,25.0,100.8,105.1,-4.28,1994,Boston Celtics
5,25,57,.305,32.0,98.0,105.6,-7.37,1994,Philadelphia 76ers
6,24,58,.293,33.0,100.4,107.7,-7.13,1994,Washington Bullets
7,Central Division,Central Division,Central Division,Central Division,Central Division,Central Division,Central Division,1994,Central Division
8,57,25,.695,—,101.4,96.2,4.94,1994,Atlanta Hawks*
9,55,27,.671,2.0,98.0,94.9,2.87,1994,Chicago Bulls*
10,47,35,.573,10.0,101.0,97.5,3.26,1994,Indiana Pacers*
11,47,35,.573,10.0,101.2,97.1,3.64,1994,Cleveland Cavaliers*
12,41,41,.500,16.0,106.5,106.7,-0.23,1994,Charlotte Hornets
13,20,62,.244,37.0,96.9,103.4,-6.24,1994,Milwaukee Bucks
14,20,62,.244,37.0,96.9,104.7,-7.46,1994,Detroit Pistons
0,57,25,.695,—,98.5,91.5,6.48,1994,New York Knicks*
1,50,32,.610,7.0,105.7,101.8,3.68,1994,Orlando Magic*
2,45,37,.549,12.0,103.2,101.0,2.11,1994,New Jersey Nets*
3,42,40,.512,15.0,103.4,100.7,2.40,1994,Miami Heat*
4,32,50,.390,25.0,100.8,105.1,-4.28,1994,Boston Celtics
5,25,57,.305,32.0,98.0,105.6,-7.37,1994,Philadelphia 76ers
6,24,58,.293,33.0,100.4,107.7,-7.13,1994,Washington Bullets
7,Central Division,Central Division,Central Division,Central Division,Central Division,Central Division,Central Division,1994,Central Division
8,57,25,.695,—,101.4,96.2,4.94,1994,Atlanta Hawks*
9,55,27,.671,2.0,98.0,94.9,2.87,1994,Chicago Bulls*
10,47,35,.573,10.0,101.0,97.5,3.26,1994,Indiana Pacers*
11,47,35,.573,10.0,101.2,97.1,3.64,1994,Cleveland Cavaliers*
12,41,41,.500,16.0,106.5,106.7,-0.23,1994,Charlotte Hornets
13,20,62,.244,37.0,96.9,103.4,-6.24,1994,Milwaukee Bucks
14,20,62,.244,37.0,96.9,104.7,-7.46,1994,Detroit Pistons
0,57,25,.695,—,110.9,103.8,6.44,1995,Orlando Magic*
1,55,27,.671,2.0,98.2,95.1,2.78,1995,New York Knicks*
2,35,47,.427,22.0,102.8,104.7,-1.92,1995,Boston Celtics*
3,32,50,.390,25.0,101.1,102.8,-1.85,1995,Miami Heat
4,30,52,.366,27.0,98.1,101.2,-3.28,1995,New Jersey Nets
5,24,58,.293,33.0,95.4,100.4,-5.06,1995,Philadelphia 76ers
6,21,61,.256,36.0,100.5,106.1,-5.56,1995,Washington Bullets
7,Central Division,Central Division,Central Division,Central Division,Central Division,Central Division,Central Division,1995,Central Division
8,52,30,.634,—,99.2,95.5,3.35,1995,Indiana Pacers*
9,50,32,.610,2.0,100.6,97.3,2.87,1995,Charlotte Hornets*
10,47,35,.573,5.0,101.5,96.7,4.32,1995,Chicago Bulls*
11,43,39,.524,9.0,90.5,89.8,0.55,1995,Cleveland Cavaliers*
12,42,40,.512,10.0,96.6,95.3,1.06,1995,Atlanta Hawks*
13,34,48,.415,18.0,99.3,103.7,-4.30,1995,Milwaukee Bucks
14,28,54,.341,24.0,98.2,105.5,-7.08,1995,Detroit Pistons
0,57,25,.695,—,110.9,103.8,6.44,1995,Orlando Magic*
1,55,27,.671,2.0,98.2,95.1,2.78,1995,New York Knicks*
2,35,47,.427,22.0,102.8,104.7,-1.92,1995,Boston Celtics*
3,32,50,.390,25.0,101.1,102.8,-1.85,1995,Miami Heat
4,30,52,.366,27.0,98.1,101.2,-3.28,1995,New Jersey Nets
5,24,58,.293,33.0,95.4,100.4,-5.06,1995,Philadelphia 76ers
6,21,61,.256,36.0,100.5,106.1,-5.56,1995,Washington Bullets
7,Central Division,Central Division,Central Division,Central Division,Central Division,Central Division,Central Division,1995,Central Division
8,52,30,.634,—,99.2,95.5,3.35,1995,Indiana Pacers*
9,50,32,.610,2.0,100.6,97.3,2.87,1995,Charlotte Hornets*
10,47,35,.573,5.0,101.5,96.7,4.32,1995,Chicago Bulls*
11,43,39,.524,9.0,90.5,89.8,0.55,1995,Cleveland Cavaliers*
12,42,40,.512,10.0,96.6,95.3,1.06,1995,Atlanta Hawks*
13,34,48,.415,18.0,99.3,103.7,-4.30,1995,Milwaukee Bucks
14,28,54,.341,24.0,98.2,105.5,-7.08,1995,Detroit Pistons
0,60,22,.732,—,104.5,99.0,5.40,1996,Orlando Magic*
1,47,35,.573,13.0,97.2,94.9,2.24,1996,New York Knicks*
2,42,40,.512,18.0,96.5,95.0,1.46,1996,Miami Heat*
3,39,43,.476,21.0,102.5,101.5,0.99,1996,Washington Bullets
4,33,49,.402,27.0,103.6,107.0,-3.37,1996,Boston Celtics
5,30,52,.366,30.0,93.7,97.9,-4.14,1996,New Jersey Nets
6,18,64,.220,42.0,94.5,104.5,-9.45,1996,Philadelphia 76ers
7,Central Division,Central Division,Central Division,Central Division,Central Division,Central Division,Central Division,1996,Central Division
8,72,10,.878,—,105.2,92.9,11.80,1996,Chicago Bulls*
9,52,30,.634,20.0,99.3,96.1,3.11,1996,Indiana Pacers*
10,47,35,.573,25.0,91.1,88.5,2.49,1996,Cleveland Cavaliers*
11,46,36,.561,26.0,98.3,97.1,1.29,1996,Atlanta Hawks*
12,46,36,.561,26.0,95.4,92.9,2.45,1996,Detroit Pistons*
13,41,41,.500,31.0,102.8,103.4,-0.48,1996,Charlotte Hornets
14,25,57,.305,47.0,95.6,100.9,-4.92,1996,Milwaukee Bucks
15,21,61,.256,51.0,97.5,105.0,-7.20,1996,Toronto Raptors
0,60,22,.732,—,104.5,99.0,5.40,1996,Orlando Magic*
1,47,35,.573,13.0,97.2,94.9,2.24,1996,New York Knicks*
2,42,40,.512,18.0,96.5,95.0,1.46,1996,Miami Heat*
3,39,43,.476,21.0,102.5,101.5,0.99,1996,Washington Bullets
4,33,49,.402,27.0,103.6,107.0,-3.37,1996,Boston Celtics
5,30,52,.366,30.0,93.7,97.9,-4.14,1996,New Jersey Nets
6,18,64,.220,42.0,94.5,104.5,-9.45,1996,Philadelphia 76ers
7,Central Division,Central Division,Central Division,Central Division,Central Division,Central Division,Central Division,1996,Central Division
8,72,10,.878,—,105.2,92.9,11.80,1996,Chicago Bulls*
9,52,30,.634,20.0,99.3,96.1,3.11,1996,Indiana Pacers*
10,47,35,.573,25.0,91.1,88.5,2.49,1996,Cleveland Cavaliers*
11,46,36,.561,26.0,98.3,97.1,1.29,1996,Atlanta Hawks*
12,46,36,.561,26.0,95.4,92.9,2.45,1996,Detroit Pistons*
13,41,41,.500,31.0,102.8,103.4,-0.48,1996,Charlotte Hornets
14,25,57,.305,47.0,95.6,100.9,-4.92,1996,Milwaukee Bucks
15,21,61,.256,51.0,97.5,105.0,-7.20,1996,Toronto Raptors
0,61,21,.744,—,94.8,89.3,5.56,1997,Miami Heat*
1,57,25,.695,4.0,95.4,92.2,3.31,1997,New York Knicks*
2,45,37,.549,16.0,94.1,94.5,-0.07,1997,Orlando Magic*
3,44,38,.537,17.0,99.4,97.7,1.77,1997,Washington Bullets*
4,26,56,.317,35.0,97.2,101.8,-3.89,1997,New Jersey Nets
5,22,60,.268,39.0,100.2,106.7,-5.89,1997,Philadelphia 76ers
6,15,67,.183,46.0,100.6,107.9,-6.62,1997,Boston Celtics
7,Central Division,Central Division,Central Division,Central Division,Central Division,Central Division,Central Division,1997,Central Division
8,69,13,.841,—,103.1,92.3,10.70,1997,Chicago Bulls*
9,56,26,.683,13.0,94.8,89.4,5.52,1997,Atlanta Hawks*
10,54,28,.659,15.0,94.2,88.9,5.45,1997,Detroit Pistons*
11,54,28,.659,15.0,98.9,97.0,2.13,1997,Charlotte Hornets*
12,42,40,.512,27.0,87.5,85.6,2.32,1997,Cleveland Cavaliers
13,39,43,.476,30.0,95.4,94.4,1.49,1997,Indiana Pacers
14,33,49,.402,36.0,95.3,97.2,-1.38,1997,Milwaukee Bucks
15,30,52,.366,39.0,95.5,98.6,-2.56,1997,Toronto Raptors
0,61,21,.744,—,94.8,89.3,5.56,1997,Miami Heat*
1,57,25,.695,4.0,95.4,92.2,3.31,1997,New York Knicks*
2,45,37,.549,16.0,94.1,94.5,-0.07,1997,Orlando Magic*
3,44,38,.537,17.0,99.4,97.7,1.77,1997,Washington Bullets*
4,26,56,.317,35.0,97.2,101.8,-3.89,1997,New Jersey Nets
5,22,60,.268,39.0,100.2,106.7,-5.89,1997,Philadelphia 76ers
6,15,67,.183,46.0,100.6,107.9,-6.62,1997,Boston Celtics
7,Central Division,Central Division,Central Division,Central Division,Central Division,Central Division,Central Division,1997,Central Division
8,69,13,.841,—,103.1,92.3,10.70,1997,Chicago Bulls*
9,56,26,.683,13.0,94.8,89.4,5.52,1997,Atlanta Hawks*
10,54,28,.659,15.0,94.2,88.9,5.45,1997,Detroit Pistons*
11,54,28,.659,15.0,98.9,97.0,2.13,1997,Charlotte Hornets*
12,42,40,.512,27.0,87.5,85.6,2.32,1997,Cleveland Cavaliers
13,39,43,.476,30.0,95.4,94.4,1.49,1997,Indiana Pacers
14,33,49,.402,36.0,95.3,97.2,-1.38,1997,Milwaukee Bucks
15,30,52,.366,39.0,95.5,98.6,-2.56,1997,Toronto Raptors
0,55,27,.671,—,95.0,90.0,5.09,1998,Miami Heat*
1,43,39,.524,12.0,91.6,89.1,2.74,1998,New York Knicks*
2,43,39,.524,12.0,99.6,98.1,1.88,1998,New Jersey Nets*
3,42,40,.512,13.0,97.2,96.6,1.11,1998,Washington Wizards
4,41,41,.500,14.0,90.1,91.2,-0.53,1998,Orlando Magic
5,36,46,.439,19.0,95.9,98.5,-1.96,1998,Boston Celtics
6,31,51,.378,24.0,93.3,95.7,-1.89,1998,Philadelphia 76ers
7,Central Division,Central Division,Central Division,Central Division,Central Division,Central Division,Central Division,1998,Central Division
8,62,20,.756,—,96.7,89.6,7.24,1998,Chicago Bulls*
9,58,24,.707,4.0,96.0,89.9,6.25,1998,Indiana Pacers*
10,51,31,.622,11.0,96.6,94.6,2.45,1998,Charlotte Hornets*
11,50,32,.610,12.0,95.9,92.3,3.85,1998,Atlanta Hawks*
12,47,35,.573,15.0,92.5,89.8,3.06,1998,Cleveland Cavaliers*
13,37,45,.451,25.0,94.2,92.6,1.95,1998,Detroit Pistons
14,36,46,.439,26.0,94.5,96.4,-1.33,1998,Milwaukee Bucks
15,16,66,.195,46.0,94.9,104.2,-8.33,1998,Toronto Raptors
0,55,27,.671,—,95.0,90.0,5.09,1998,Miami Heat*
1,43,39,.524,12.0,91.6,89.1,2.74,1998,New York Knicks*
2,43,39,.524,12.0,99.6,98.1,1.88,1998,New Jersey Nets*
3,42,40,.512,13.0,97.2,96.6,1.11,1998,Washington Wizards
4,41,41,.500,14.0,90.1,91.2,-0.53,1998,Orlando Magic
5,36,46,.439,19.0,95.9,98.5,-1.96,1998,Boston Celtics
6,31,51,.378,24.0,93.3,95.7,-1.89,1998,Philadelphia 76ers
7,Central Division,Central Division,Central Division,Central Division,Central Division,Central Division,Central Division,1998,Central Division
8,62,20,.756,—,96.7,89.6,7.24,1998,Chicago Bulls*
9,58,24,.707,4.0,96.0,89.9,6.25,1998,Indiana Pacers*
10,51,31,.622,11.0,96.6,94.6,2.45,1998,Charlotte Hornets*
11,50,32,.610,12.0,95.9,92.3,3.85,1998,Atlanta Hawks*
12,47,35,.573,15.0,92.5,89.8,3.06,1998,Cleveland Cavaliers*
13,37,45,.451,25.0,94.2,92.6,1.95,1998,Detroit Pistons
14,36,46,.439,26.0,94.5,96.4,-1.33,1998,Milwaukee Bucks
15,16,66,.195,46.0,94.9,104.2,-8.33,1998,Toronto Raptors
0,33,17,.660,—,89.0,84.0,5.11,1999,Miami Heat*
1,33,17,.660,—,89.5,86.9,3.11,1999,Orlando Magic*
2,28,22,.560,5.0,89.7,87.6,2.56,1999,Philadelphia 76ers*
3,27,23,.540,6.0,86.4,85.4,1.45,1999,New York Knicks*
4,19,31,.380,14.0,93.0,94.9,-1.75,1999,Boston Celtics
5,18,32,.360,15.0,91.2,93.4,-1.75,1999,Washington Wizards
6,16,34,.320,17.0,91.4,95.2,-3.20,1999,New Jersey Nets
7,Central Division,Central Division,Central Division,Central Division,Central Division,Central Division,Central Division,1999,Central Division
8,33,17,.660,—,94.7,90.9,3.86,1999,Indiana Pacers*
9,31,19,.620,2.0,86.3,83.4,2.82,1999,Atlanta Hawks*
10,29,21,.580,4.0,90.4,86.9,3.97,1999,Detroit Pistons*
11,28,22,.560,5.0,91.7,90.0,1.66,1999,Milwaukee Bucks*
12,26,24,.520,7.0,92.9,93.0,0.63,1999,Charlotte Hornets
13,23,27,.460,10.0,91.1,92.8,-1.32,1999,Toronto Raptors
14,22,28,.440,11.0,86.4,88.2,-0.94,1999,Cleveland Cavaliers
15,13,37,.260,20.0,81.9,91.4,-8.58,1999,Chicago Bulls
0,33,17,.660,—,89.0,84.0,5.11,1999,Miami Heat*
1,33,17,.660,—,89.5,86.9,3.11,1999,Orlando Magic*
2,28,22,.560,5.0,89.7,87.6,2.56,1999,Philadelphia 76ers*
3,27,23,.540,6.0,86.4,85.4,1.45,1999,New York Knicks*
4,19,31,.380,14.0,93.0,94.9,-1.75,1999,Boston Celtics
5,18,32,.360,15.0,91.2,93.4,-1.75,1999,Washington Wizards
6,16,34,.320,17.0,91.4,95.2,-3.20,1999,New Jersey Nets
7,Central Division,Central Division,Central Division,Central Division,Central Division,Central Division,Central Division,1999,Central Division
8,33,17,.660,—,94.7,90.9,3.86,1999,Indiana Pacers*
9,31,19,.620,2.0,86.3,83.4,2.82,1999,Atlanta Hawks*
10,29,21,.580,4.0,90.4,86.9,3.97,1999,Detroit Pistons*
11,28,22,.560,5.0,91.7,90.0,1.66,1999,Milwaukee Bucks*
12,26,24,.520,7.0,92.9,93.0,0.63,1999,Charlotte Hornets
13,23,27,.460,10.0,91.1,92.8,-1.32,1999,Toronto Raptors
14,22,28,.440,11.0,86.4,88.2,-0.94,1999,Cleveland Cavaliers
15,13,37,.260,20.0,81.9,91.4,-8.58,1999,Chicago Bulls
0,52,30,.634,—,94.4,91.3,2.75,2000,Miami Heat*
1,50,32,.610,2.0,92.1,90.7,1.30,2000,New York Knicks*
2,49,33,.598,3.0,94.8,93.4,1.02,2000,Philadelphia 76ers*
3,41,41,.500,11.0,100.1,99.4,0.43,2000,Orlando Magic
4,35,47,.427,17.0,99.3,100.1,-1.00,2000,Boston Celtics
5,31,51,.378,21.0,98.0,99.0,-1.18,2000,New Jersey Nets
6,29,53,.354,23.0,96.6,99.9,-3.47,2000,Washington Wizards
7,Central Division,Central Division,Central Division,Central Division,Central Division,Central Division,Central Division,2000,Central Division
8,56,26,.683,—,101.3,96.7,4.15,2000,Indiana Pacers*
9,49,33,.598,7.0,98.4,95.8,2.33,2000,Charlotte Hornets*
10,45,37,.549,11.0,97.2,97.3,-0.46,2000,Toronto Raptors*
11,42,40,.512,14.0,103.5,102.0,1.13,2000,Detroit Pistons*
12,42,40,.512,14.0,101.2,101.0,-0.06,2000,Milwaukee Bucks*
13,32,50,.390,24.0,97.0,100.5,-3.64,2000,Cleveland Cavaliers
14,28,54,.341,28.0,94.3,99.7,-5.41,2000,Atlanta Hawks
15,17,65,.207,39.0,84.8,94.2,-9.23,2000,Chicago Bulls
0,52,30,.634,—,94.4,91.3,2.75,2000,Miami Heat*
1,50,32,.610,2.0,92.1,90.7,1.30,2000,New York Knicks*
2,49,33,.598,3.0,94.8,93.4,1.02,2000,Philadelphia 76ers*
3,41,41,.500,11.0,100.1,99.4,0.43,2000,Orlando Magic
4,35,47,.427,17.0,99.3,100.1,-1.00,2000,Boston Celtics
5,31,51,.378,21.0,98.0,99.0,-1.18,2000,New Jersey Nets
6,29,53,.354,23.0,96.6,99.9,-3.47,2000,Washington Wizards
7,Central Division,Central Division,Central Division,Central Division,Central Division,Central Division,Central Division,2000,Central Division
8,56,26,.683,—,101.3,96.7,4.15,2000,Indiana Pacers*
9,49,33,.598,7.0,98.4,95.8,2.33,2000,Charlotte Hornets*
10,45,37,.549,11.0,97.2,97.3,-0.46,2000,Toronto Raptors*
11,42,40,.512,14.0,103.5,102.0,1.13,2000,Detroit Pistons*
12,42,40,.512,14.0,101.2,101.0,-0.06,2000,Milwaukee Bucks*
13,32,50,.390,24.0,97.0,100.5,-3.64,2000,Cleveland Cavaliers
14,28,54,.341,28.0,94.3,99.7,-5.41,2000,Atlanta Hawks
15,17,65,.207,39.0,84.8,94.2,-9.23,2000,Chicago Bulls
0,56,26,.683,—,94.7,90.4,3.64,2001,Philadelphia 76ers*
1,50,32,.610,6.0,88.9,86.6,1.73,2001,Miami Heat*
2,48,34,.585,8.0,88.7,86.1,1.98,2001,New York Knicks*
3,43,39,.524,13.0,97.5,96.5,0.39,2001,Orlando Magic*
4,36,46,.439,20.0,94.6,96.8,-2.40,2001,Boston Celtics
5,26,56,.317,30.0,92.1,97.1,-5.30,2001,New Jersey Nets
6,19,63,.232,37.0,93.2,99.9,-6.75,2001,Washington Wizards
7,Central Division,Central Division,Central Division,Central Division,Central Division,Central Division,Central Division,2001,Central Division
8,52,30,.634,—,100.7,96.9,3.14,2001,Milwaukee Bucks*
9,47,35,.573,5.0,97.6,95.4,1.69,2001,Toronto Raptors*
10,46,36,.561,6.0,91.9,89.8,1.45,2001,Charlotte Hornets*
11,41,41,.500,11.0,92.6,92.8,-0.77,2001,Indiana Pacers*
12,32,50,.390,20.0,95.6,97.3,-2.08,2001,Detroit Pistons
13,30,52,.366,22.0,92.2,96.5,-4.48,2001,Cleveland Cavaliers
14,25,57,.305,27.0,91.0,96.2,-5.55,2001,Atlanta Hawks
15,15,67,.183,37.0,87.6,96.7,-9.09,2001,Chicago Bulls
0,56,26,.683,—,94.7,90.4,3.64,2001,Philadelphia 76ers*
1,50,32,.610,6.0,88.9,86.6,1.73,2001,Miami Heat*
2,48,34,.585,8.0,88.7,86.1,1.98,2001,New York Knicks*
3,43,39,.524,13.0,97.5,96.5,0.39,2001,Orlando Magic*
4,36,46,.439,20.0,94.6,96.8,-2.40,2001,Boston Celtics
5,26,56,.317,30.0,92.1,97.1,-5.30,2001,New Jersey Nets
6,19,63,.232,37.0,93.2,99.9,-6.75,2001,Washington Wizards
7,Central Division,Central Division,Central Division,Central Division,Central Division,Central Division,Central Division,2001,Central Division
8,52,30,.634,—,100.7,96.9,3.14,2001,Milwaukee Bucks*
9,47,35,.573,5.0,97.6,95.4,1.69,2001,Toronto Raptors*
10,46,36,.561,6.0,91.9,89.8,1.45,2001,Charlotte Hornets*
11,41,41,.500,11.0,92.6,92.8,-0.77,2001,Indiana Pacers*
12,32,50,.390,20.0,95.6,97.3,-2.08,2001,Detroit Pistons
13,30,52,.366,22.0,92.2,96.5,-4.48,2001,Cleveland Cavaliers
14,25,57,.305,27.0,91.0,96.2,-5.55,2001,Atlanta Hawks
15,15,67,.183,37.0,87.6,96.7,-9.09,2001,Chicago Bulls
0,52,30,.634,—,96.2,92.0,3.67,2002,New Jersey Nets*
1,49,33,.598,3.0,96.4,94.1,1.75,2002,Boston Celtics*
2,44,38,.537,8.0,100.5,98.9,1.25,2002,Orlando Magic*
3,43,39,.524,9.0,91.0,89.4,1.27,2002,Philadelphia 76ers*
4,37,45,.451,15.0,92.8,94.2,-1.58,2002,Washington Wizards
5,36,46,.439,16.0,87.2,88.7,-1.84,2002,Miami Heat
6,30,52,.366,22.0,91.6,95.6,-4.15,2002,New York Knicks
7,Central Division,Central Division,Central Division,Central Division,Central Division,Central Division,Central Division,2002,Central Division
8,50,32,.610,—,94.3,92.2,1.69,2002,Detroit Pistons*
9,44,38,.537,6.0,93.9,92.9,0.57,2002,Charlotte Hornets*
10,42,40,.512,8.0,91.4,91.8,-0.71,2002,Toronto Raptors*
11,42,40,.512,8.0,96.8,96.5,-0.07,2002,Indiana Pacers*
12,41,41,.500,9.0,97.5,97.7,-0.62,2002,Milwaukee Bucks
13,33,49,.402,17.0,94.0,98.3,-4.41,2002,Atlanta Hawks
14,29,53,.354,21.0,95.3,98.6,-3.52,2002,Cleveland Cavaliers
15,21,61,.256,29.0,89.5,98.0,-8.52,2002,Chicago Bulls
0,52,30,.634,—,96.2,92.0,3.67,2002,New Jersey Nets*
1,49,33,.598,3.0,96.4,94.1,1.75,2002,Boston Celtics*
2,44,38,.537,8.0,100.5,98.9,1.25,2002,Orlando Magic*
3,43,39,.524,9.0,91.0,89.4,1.27,2002,Philadelphia 76ers*
4,37,45,.451,15.0,92.8,94.2,-1.58,2002,Washington Wizards
5,36,46,.439,16.0,87.2,88.7,-1.84,2002,Miami Heat
6,30,52,.366,22.0,91.6,95.6,-4.15,2002,New York Knicks
7,Central Division,Central Division,Central Division,Central Division,Central Division,Central Division,Central Division,2002,Central Division
8,50,32,.610,—,94.3,92.2,1.69,2002,Detroit Pistons*
9,44,38,.537,6.0,93.9,92.9,0.57,2002,Charlotte Hornets*
10,42,40,.512,8.0,91.4,91.8,-0.71,2002,Toronto Raptors*
11,42,40,.512,8.0,96.8,96.5,-0.07,2002,Indiana Pacers*
12,41,41,.500,9.0,97.5,97.7,-0.62,2002,Milwaukee Bucks
13,33,49,.402,17.0,94.0,98.3,-4.41,2002,Atlanta Hawks
14,29,53,.354,21.0,95.3,98.6,-3.52,2002,Cleveland Cavaliers
15,21,61,.256,29.0,89.5,98.0,-8.52,2002,Chicago Bulls
0,49,33,.598,—,95.4,90.1,4.42,2003,New Jersey Nets*
1,48,34,.585,1.0,96.8,94.5,1.76,2003,Philadelphia 76ers*
2,44,38,.537,5.0,92.7,93.1,-0.75,2003,Boston Celtics*
3,42,40,.512,7.0,98.5,98.4,-0.39,2003,Orlando Magic*
4,37,45,.451,12.0,91.5,92.5,-1.47,2003,Washington Wizards
5,37,45,.451,12.0,95.9,97.2,-1.61,2003,New York Knicks
6,25,57,.305,24.0,85.6,90.6,-5.13,2003,Miami Heat
7,Central Division,Central Division,Central Division,Central Division,Central Division,Central Division,Central Division,2003,Central Division
8,50,32,.610,—,91.4,87.7,2.97,2003,Detroit Pistons*
9,48,34,.585,2.0,96.8,93.3,2.79,2003,Indiana Pacers*
10,47,35,.573,3.0,93.9,91.8,1.52,2003,New Orleans Hornets*
11,42,40,.512,8.0,99.5,99.3,-0.24,2003,Milwaukee Bucks*
12,35,47,.427,15.0,94.1,97.6,-3.87,2003,Atlanta Hawks
13,30,52,.366,20.0,95.0,100.1,-5.31,2003,Chicago Bulls
14,24,58,.293,26.0,90.9,96.8,-6.10,2003,Toronto Raptors
15,17,65,.207,33.0,91.4,101.0,-9.59,2003,Cleveland Cavaliers
0,49,33,.598,—,95.4,90.1,4.42,2003,New Jersey Nets*
1,48,34,.585,1.0,96.8,94.5,1.76,2003,Philadelphia 76ers*
2,44,38,.537,5.0,92.7,93.1,-0.75,2003,Boston Celtics*
3,42,40,.512,7.0,98.5,98.4,-0.39,2003,Orlando Magic*
4,37,45,.451,12.0,91.5,92.5,-1.47,2003,Washington Wizards
5,37,45,.451,12.0,95.9,97.2,-1.61,2003,New York Knicks
6,25,57,.305,24.0,85.6,90.6,-5.13,2003,Miami Heat
7,Central Division,Central Division,Central Division,Central Division,Central Division,Central Division,Central Division,2003,Central Division
8,50,32,.610,—,91.4,87.7,2.97,2003,Detroit Pistons*
9,48,34,.585,2.0,96.8,93.3,2.79,2003,Indiana Pacers*
10,47,35,.573,3.0,93.9,91.8,1.52,2003,New Orleans Hornets*
11,42,40,.512,8.0,99.5,99.3,-0.24,2003,Milwaukee Bucks*
12,35,47,.427,15.0,94.1,97.6,-3.87,2003,Atlanta Hawks
13,30,52,.366,20.0,95.0,100.1,-5.31,2003,Chicago Bulls
14,24,58,.293,26.0,90.9,96.8,-6.10,2003,Toronto Raptors
15,17,65,.207,33.0,91.4,101.0,-9.59,2003,Cleveland Cavaliers
0,47,35,.573,—,90.3,87.8,1.88,2004,New Jersey Nets*
1,42,40,.512,5.0,90.3,89.7,-0.13,2004,Miami Heat*
2,39,43,.476,8.0,92.0,93.5,-1.97,2004,New York Knicks*
3,36,46,.439,11.0,95.3,96.7,-1.99,2004,Boston Celtics*
4,33,49,.402,14.0,88.0,90.5,-2.95,2004,Philadelphia 76ers
5,25,57,.305,22.0,91.8,97.4,-6.12,2004,Washington Wizards
6,21,61,.256,26.0,94.0,101.1,-7.25,2004,Orlando Magic
7,Central Division,Central Division,Central Division,Central Division,Central Division,Central Division,Central Division,2004,Central Division
8,61,21,.744,—,91.4,85.6,4.93,2004,Indiana Pacers*
9,54,28,.659,7.0,90.1,84.3,5.04,2004,Detroit Pistons*
10,41,41,.500,20.0,91.8,91.9,-0.72,2004,New Orleans Hornets*
11,41,41,.500,20.0,98.0,97.0,0.42,2004,Milwaukee Bucks*
12,35,47,.427,26.0,92.9,95.5,-3.07,2004,Cleveland Cavaliers
13,33,49,.402,28.0,85.4,88.5,-3.42,2004,Toronto Raptors
14,28,54,.341,33.0,92.8,97.5,-5.00,2004,Atlanta Hawks
15,23,59,.280,38.0,89.7,96.0,-6.69,2004,Chicago Bulls
0,47,35,.573,—,90.3,87.8,1.88,2004,New Jersey Nets*
1,42,40,.512,5.0,90.3,89.7,-0.13,2004,Miami Heat*
2,39,43,.476,8.0,92.0,93.5,-1.97,2004,New York Knicks*
3,36,46,.439,11.0,95.3,96.7,-1.99,2004,Boston Celtics*
4,33,49,.402,14.0,88.0,90.5,-2.95,2004,Philadelphia 76ers
5,25,57,.305,22.0,91.8,97.4,-6.12,2004,Washington Wizards
6,21,61,.256,26.0,94.0,101.1,-7.25,2004,Orlando Magic
7,Central Division,Central Division,Central Division,Central Division,Central Division,Central Division,Central Division,2004,Central Division
8,61,21,.744,—,91.4,85.6,4.93,2004,Indiana Pacers*
9,54,28,.659,7.0,90.1,84.3,5.04,2004,Detroit Pistons*
10,41,41,.500,20.0,91.8,91.9,-0.72,2004,New Orleans Hornets*
11,41,41,.500,20.0,98.0,97.0,0.42,2004,Milwaukee Bucks*
12,35,47,.427,26.0,92.9,95.5,-3.07,2004,Cleveland Cavaliers
13,33,49,.402,28.0,85.4,88.5,-3.42,2004,Toronto Raptors
14,28,54,.341,33.0,92.8,97.5,-5.00,2004,Atlanta Hawks
15,23,59,.280,38.0,89.7,96.0,-6.69,2004,Chicago Bulls
0,45,37,.549,—,101.3,100.4,0.35,2005,Boston Celtics*
1,43,39,.524,2.0,99.1,99.9,-1.07,2005,Philadelphia 76ers*
2,42,40,.512,3.0,91.4,92.9,-1.82,2005,New Jersey Nets*
3,33,49,.402,12.0,99.7,101.4,-1.81,2005,Toronto Raptors
4,33,49,.402,12.0,97.3,99.7,-2.72,2005,New York Knicks
5,Central Division,Central Division,Central Division,Central Division,Central Division,Central Division,Central Division,2005,Central Division
6,54,28,.659,—,93.3,89.5,3.31,2005,Detroit Pistons*
7,47,35,.573,7.0,94.5,93.4,0.65,2005,Chicago Bulls*
8,44,38,.537,10.0,93.0,92.2,0.49,2005,Indiana Pacers*
9,42,40,.512,12.0,96.5,95.7,0.27,2005,Cleveland Cavaliers
10,30,52,.366,24.0,97.2,100.2,-3.09,2005,Milwaukee Bucks
11,Southeast Division,Southeast Division,Southeast Division,Southeast Division,Southeast Division,Southeast Division,Southeast Division,2005,Southeast Division
12,59,23,.720,—,101.5,95.0,5.77,2005,Miami Heat*
13,45,37,.549,14.0,100.5,100.8,-0.71,2005,Washington Wizards*
14,36,46,.439,23.0,99.5,101.8,-2.52,2005,Orlando Magic
15,18,64,.220,41.0,94.3,100.2,-6.15,2005,Charlotte Bobcats
16,13,69,.159,46.0,92.7,102.5,-9.62,2005,Atlanta Hawks
0,45,37,.549,—,101.3,100.4,0.35,2005,Boston Celtics*
1,43,39,.524,2.0,99.1,99.9,-1.07,2005,Philadelphia 76ers*
2,42,40,.512,3.0,91.4,92.9,-1.82,2005,New Jersey Nets*
3,33,49,.402,12.0,99.7,101.4,-1.81,2005,Toronto Raptors
4,33,49,.402,12.0,97.3,99.7,-2.72,2005,New York Knicks
5,Central Division,Central Division,Central Division,Central Division,Central Division,Central Division,Central Division,2005,Central Division
6,54,28,.659,—,93.3,89.5,3.31,2005,Detroit Pistons*
7,47,35,.573,7.0,94.5,93.4,0.65,2005,Chicago Bulls*
8,44,38,.537,10.0,93.0,92.2,0.49,2005,Indiana Pacers*
9,42,40,.512,12.0,96.5,95.7,0.27,2005,Cleveland Cavaliers
10,30,52,.366,24.0,97.2,100.2,-3.09,2005,Milwaukee Bucks
11,Southeast Division,Southeast Division,Southeast Division,Southeast Division,Southeast Division,Southeast Division,Southeast Division,2005,Southeast Division
12,59,23,.720,—,101.5,95.0,5.77,2005,Miami Heat*
13,45,37,.549,14.0,100.5,100.8,-0.71,2005,Washington Wizards*
14,36,46,.439,23.0,99.5,101.8,-2.52,2005,Orlando Magic
15,18,64,.220,41.0,94.3,100.2,-6.15,2005,Charlotte Bobcats
16,13,69,.159,46.0,92.7,102.5,-9.62,2005,Atlanta Hawks
0,49,33,.598,—,93.8,92.4,1.11,2006,New Jersey Nets*
1,38,44,.463,11.0,99.4,101.3,-2.10,2006,Philadelphia 76ers
2,33,49,.402,16.0,98.0,99.5,-1.59,2006,Boston Celtics
3,27,55,.329,22.0,101.1,104.0,-3.03,2006,Toronto Raptors
4,23,59,.280,26.0,95.6,102.0,-6.30,2006,New York Knicks
5,Central Division,Central Division,Central Division,Central Division,Central Division,Central Division,Central Division,2006,Central Division
6,64,18,.780,—,96.8,90.2,6.24,2006,Detroit Pistons*
7,50,32,.610,14.0,97.6,95.4,2.17,2006,Cleveland Cavaliers*
8,41,41,.500,23.0,93.9,92.0,1.62,2006,Indiana Pacers*
9,41,41,.500,23.0,97.8,97.2,0.51,2006,Chicago Bulls*
10,40,42,.488,24.0,97.8,98.8,-1.07,2006,Milwaukee Bucks*
11,Southeast Division,Southeast Division,Southeast Division,Southeast Division,Southeast Division,Southeast Division,Southeast Division,2006,Southeast Division
12,52,30,.634,—,99.9,96.0,3.59,2006,Miami Heat*
13,42,40,.512,10.0,101.7,99.8,1.57,2006,Washington Wizards*
14,36,46,.439,16.0,94.9,96.0,-1.26,2006,Orlando Magic
15,26,56,.317,26.0,96.9,100.9,-3.90,2006,Charlotte Bobcats
16,26,56,.317,26.0,97.2,102.0,-4.69,2006,Atlanta Hawks
0,49,33,.598,—,93.8,92.4,1.11,2006,New Jersey Nets*
1,38,44,.463,11.0,99.4,101.3,-2.10,2006,Philadelphia 76ers
2,33,49,.402,16.0,98.0,99.5,-1.59,2006,Boston Celtics
3,27,55,.329,22.0,101.1,104.0,-3.03,2006,Toronto Raptors
4,23,59,.280,26.0,95.6,102.0,-6.30,2006,New York Knicks
5,Central Division,Central Division,Central Division,Central Division,Central Division,Central Division,Central Division,2006,Central Division
6,64,18,.780,—,96.8,90.2,6.24,2006,Detroit Pistons*
7,50,32,.610,14.0,97.6,95.4,2.17,2006,Cleveland Cavaliers*
8,41,41,.500,23.0,93.9,92.0,1.62,2006,Indiana Pacers*
9,41,41,.500,23.0,97.8,97.2,0.51,2006,Chicago Bulls*
10,40,42,.488,24.0,97.8,98.8,-1.07,2006,Milwaukee Bucks*
11,Southeast Division,Southeast Division,Southeast Division,Southeast Division,Southeast Division,Southeast Division,Southeast Division,2006,Southeast Division
12,52,30,.634,—,99.9,96.0,3.59,2006,Miami Heat*
13,42,40,.512,10.0,101.7,99.8,1.57,2006,Washington Wizards*
14,36,46,.439,16.0,94.9,96.0,-1.26,2006,Orlando Magic
15,26,56,.317,26.0,96.9,100.9,-3.90,2006,Charlotte Bobcats
16,26,56,.317,26.0,97.2,102.0,-4.69,2006,Atlanta Hawks
0,47,35,.573,—,99.5,98.5,0.61,2007,Toronto Raptors*
1,41,41,.500,6.0,97.6,98.3,-1.00,2007,New Jersey Nets*
2,35,47,.427,12.0,94.9,98.0,-3.26,2007,Philadelphia 76ers
3,33,49,.402,14.0,97.5,100.3,-3.06,2007,New York Knicks
4,24,58,.293,23.0,95.8,99.2,-3.70,2007,Boston Celtics
5,Central Division,Central Division,Central Division,Central Division,Central Division,Central Division,Central Division,2007,Central Division
6,53,29,.646,—,96.0,91.8,3.69,2007,Detroit Pistons*
7,50,32,.610,3.0,96.8,92.9,3.33,2007,Cleveland Cavaliers*
8,49,33,.598,4.0,98.8,93.8,4.52,2007,Chicago Bulls*
9,35,47,.427,18.0,95.6,98.0,-2.62,2007,Indiana Pacers
10,28,54,.341,25.0,99.7,104.0,-4.43,2007,Milwaukee Bucks
11,Southeast Division,Southeast Division,Southeast Division,Southeast Division,Southeast Division,Southeast Division,Southeast Division,2007,Southeast Division
12,44,38,.537,—,94.6,95.5,-1.21,2007,Miami Heat*
13,41,41,.500,3.0,104.3,104.9,-0.80,2007,Washington Wizards*
14,40,42,.488,4.0,94.8,94.0,0.35,2007,Orlando Magic*
15,33,49,.402,11.0,96.9,100.6,-3.97,2007,Charlotte Bobcats
16,30,52,.366,14.0,93.7,98.4,-4.86,2007,Atlanta Hawks
0,47,35,.573,—,99.5,98.5,0.61,2007,Toronto Raptors*
1,41,41,.500,6.0,97.6,98.3,-1.00,2007,New Jersey Nets*
2,35,47,.427,12.0,94.9,98.0,-3.26,2007,Philadelphia 76ers
3,33,49,.402,14.0,97.5,100.3,-3.06,2007,New York Knicks
4,24,58,.293,23.0,95.8,99.2,-3.70,2007,Boston Celtics
5,Central Division,Central Division,Central Division,Central Division,Central Division,Central Division,Central Division,2007,Central Division
6,53,29,.646,—,96.0,91.8,3.69,2007,Detroit Pistons*
7,50,32,.610,3.0,96.8,92.9,3.33,2007,Cleveland Cavaliers*
8,49,33,.598,4.0,98.8,93.8,4.52,2007,Chicago Bulls*
9,35,47,.427,18.0,95.6,98.0,-2.62,2007,Indiana Pacers
10,28,54,.341,25.0,99.7,104.0,-4.43,2007,Milwaukee Bucks
11,Southeast Division,Southeast Division,Southeast Division,Southeast Division,Southeast Division,Southeast Division,Southeast Division,2007,Southeast Division
12,44,38,.537,—,94.6,95.5,-1.21,2007,Miami Heat*
13,41,41,.500,3.0,104.3,104.9,-0.80,2007,Washington Wizards*
14,40,42,.488,4.0,94.8,94.0,0.35,2007,Orlando Magic*
15,33,49,.402,11.0,96.9,100.6,-3.97,2007,Charlotte Bobcats
16,30,52,.366,14.0,93.7,98.4,-4.86,2007,Atlanta Hawks
0,66,16,.805,—,100.5,90.3,9.30,2008,Boston Celtics*
1,41,41,.500,25.0,100.2,97.3,2.47,2008,Toronto Raptors*
2,40,42,.488,26.0,96.6,96.2,0.19,2008,Philadelphia 76ers*
3,34,48,.415,32.0,95.8,100.9,-5.15,2008,New Jersey Nets
4,23,59,.280,43.0,96.9,103.5,-6.55,2008,New York Knicks
5,Central Division,Central Division,Central Division,Central Division,Central Division,Central Division,Central Division,2008,Central Division
6,59,23,.720,—,97.5,90.1,6.67,2008,Detroit Pistons*
7,45,37,.549,14.0,96.4,96.7,-0.53,2008,Cleveland Cavaliers*
8,36,46,.439,23.0,104.0,105.4,-1.87,2008,Indiana Pacers
9,33,49,.402,26.0,97.3,100.4,-3.19,2008,Chicago Bulls
10,26,56,.317,33.0,97.0,103.9,-6.92,2008,Milwaukee Bucks
11,Southeast Division,Southeast Division,Southeast Division,Southeast Division,Southeast Division,Southeast Division,Southeast Division,2008,Southeast Division
12,52,30,.634,—,104.5,99.0,4.79,2008,Orlando Magic*
13,43,39,.524,9.0,98.8,99.2,-0.61,2008,Washington Wizards*
14,37,45,.451,15.0,98.2,100.0,-2.23,2008,Atlanta Hawks*
15,32,50,.390,20.0,97.1,101.4,-4.49,2008,Charlotte Bobcats
16,15,67,.183,37.0,91.4,100.0,-8.53,2008,Miami Heat
0,66,16,.805,—,100.5,90.3,9.30,2008,Boston Celtics*
1,41,41,.500,25.0,100.2,97.3,2.47,2008,Toronto Raptors*
2,40,42,.488,26.0,96.6,96.2,0.19,2008,Philadelphia 76ers*
3,34,48,.415,32.0,95.8,100.9,-5.15,2008,New Jersey Nets
4,23,59,.280,43.0,96.9,103.5,-6.55,2008,New York Knicks
5,Central Division,Central Division,Central Division,Central Division,Central Division,Central Division,Central Division,2008,Central Division
6,59,23,.720,—,97.5,90.1,6.67,2008,Detroit Pistons*
7,45,37,.549,14.0,96.4,96.7,-0.53,2008,Cleveland Cavaliers*
8,36,46,.439,23.0,104.0,105.4,-1.87,2008,Indiana Pacers
9,33,49,.402,26.0,97.3,100.4,-3.19,2008,Chicago Bulls
10,26,56,.317,33.0,97.0,103.9,-6.92,2008,Milwaukee Bucks
11,Southeast Division,Southeast Division,Southeast Division,Southeast Division,Southeast Division,Southeast Division,Southeast Division,2008,Southeast Division
12,52,30,.634,—,104.5,99.0,4.79,2008,Orlando Magic*
13,43,39,.524,9.0,98.8,99.2,-0.61,2008,Washington Wizards*
14,37,45,.451,15.0,98.2,100.0,-2.23,2008,Atlanta Hawks*
15,32,50,.390,20.0,97.1,101.4,-4.49,2008,Charlotte Bobcats
16,15,67,.183,37.0,91.4,100.0,-8.53,2008,Miami Heat
0,62,20,.756,—,100.9,93.4,7.44,2009,Boston Celtics*
1,41,41,.500,21.0,97.4,97.3,0.16,2009,Philadelphia 76ers*
2,34,48,.415,28.0,98.1,100.5,-2.31,2009,New Jersey Nets
3,33,49,.402,29.0,99.0,101.9,-2.54,2009,Toronto Raptors
4,32,50,.390,30.0,105.2,107.8,-2.33,2009,New York Knicks
5,Central Division,Central Division,Central Division,Central Division,Central Division,Central Division,Central Division,2009,Central Division
6,66,16,.805,—,100.3,91.4,8.68,2009,Cleveland Cavaliers*
7,41,41,.500,25.0,102.2,102.5,-0.16,2009,Chicago Bulls*
8,39,43,.476,27.0,94.2,94.7,-0.36,2009,Detroit Pistons*
9,36,46,.439,30.0,105.1,106.2,-0.76,2009,Indiana Pacers
10,34,48,.415,32.0,99.3,100.4,-0.88,2009,Milwaukee Bucks
11,Southeast Division,Southeast Division,Southeast Division,Southeast Division,Southeast Division,Southeast Division,Southeast Division,2009,Southeast Division
12,59,23,.720,—,101.0,94.4,6.48,2009,Orlando Magic*
13,47,35,.573,12.0,98.1,96.5,1.70,2009,Atlanta Hawks*
14,43,39,.524,16.0,98.3,98.0,0.49,2009,Miami Heat*
15,35,47,.427,24.0,93.6,94.9,-1.20,2009,Charlotte Bobcats
16,19,63,.232,40.0,96.1,103.5,-6.98,2009,Washington Wizards
0,62,20,.756,—,100.9,93.4,7.44,2009,Boston Celtics*
1,41,41,.500,21.0,97.4,97.3,0.16,2009,Philadelphia 76ers*
2,34,48,.415,28.0,98.1,100.5,-2.31,2009,New Jersey Nets
3,33,49,.402,29.0,99.0,101.9,-2.54,2009,Toronto Raptors
4,32,50,.390,30.0,105.2,107.8,-2.33,2009,New York Knicks
5,Central Division,Central Division,Central Division,Central Division,Central Division,Central Division,Central Division,2009,Central Division
6,66,16,.805,—,100.3,91.4,8.68,2009,Cleveland Cavaliers*
7,41,41,.500,25.0,102.2,102.5,-0.16,2009,Chicago Bulls*
8,39,43,.476,27.0,94.2,94.7,-0.36,2009,Detroit Pistons*
9,36,46,.439,30.0,105.1,106.2,-0.76,2009,Indiana Pacers
10,34,48,.415,32.0,99.3,100.4,-0.88,2009,Milwaukee Bucks
11,Southeast Division,Southeast Division,Southeast Division,Southeast Division,Southeast Division,Southeast Division,Southeast Division,2009,Southeast Division
12,59,23,.720,—,101.0,94.4,6.48,2009,Orlando Magic*
13,47,35,.573,12.0,98.1,96.5,1.70,2009,Atlanta Hawks*
14,43,39,.524,16.0,98.3,98.0,0.49,2009,Miami Heat*
15,35,47,.427,24.0,93.6,94.9,-1.20,2009,Charlotte Bobcats
16,19,63,.232,40.0,96.1,103.5,-6.98,2009,Washington Wizards
0,50,32,.610,—,99.2,95.6,3.37,2010,Boston Celtics*
1,40,42,.488,10.0,104.1,105.9,-1.83,2010,Toronto Raptors
2,29,53,.354,21.0,102.1,105.9,-4.01,2010,New York Knicks
3,27,55,.329,23.0,97.7,101.6,-3.93,2010,Philadelphia 76ers
4,12,70,.146,38.0,92.4,101.5,-8.93,2010,New Jersey Nets
5,Central Division,Central Division,Central Division,Central Division,Central Division,Central Division,Central Division,2010,Central Division
6,61,21,.744,—,102.1,95.6,6.17,2010,Cleveland Cavaliers*
7,46,36,.561,15.0,97.7,96.0,1.37,2010,Milwaukee Bucks*
8,41,41,.500,20.0,97.5,99.1,-1.64,2010,Chicago Bulls*
9,32,50,.390,29.0,100.8,103.8,-3.11,2010,Indiana Pacers
10,27,55,.329,34.0,94.0,99.1,-5.02,2010,Detroit Pistons
11,Southeast Division,Southeast Division,Southeast Division,Southeast Division,Southeast Division,Southeast Division,Southeast Division,2010,Southeast Division
12,59,23,.720,—,102.8,95.3,7.12,2010,Orlando Magic*
13,53,29,.646,6.0,101.7,97.0,4.44,2010,Atlanta Hawks*
14,47,35,.573,12.0,96.5,94.2,1.99,2010,Miami Heat*
15,44,38,.537,15.0,95.3,93.8,1.30,2010,Charlotte Bobcats*
16,26,56,.317,33.0,96.2,101.0,-4.72,2010,Washington Wizards
0,50,32,.610,—,99.2,95.6,3.37,2010,Boston Celtics*
1,40,42,.488,10.0,104.1,105.9,-1.83,2010,Toronto Raptors
2,29,53,.354,21.0,102.1,105.9,-4.01,2010,New York Knicks
3,27,55,.329,23.0,97.7,101.6,-3.93,2010,Philadelphia 76ers
4,12,70,.146,38.0,92.4,101.5,-8.93,2010,New Jersey Nets
5,Central Division,Central Division,Central Division,Central Division,Central Division,Central Division,Central Division,2010,Central Division
6,61,21,.744,—,102.1,95.6,6.17,2010,Cleveland Cavaliers*
7,46,36,.561,15.0,97.7,96.0,1.37,2010,Milwaukee Bucks*
8,41,41,.500,20.0,97.5,99.1,-1.64,2010,Chicago Bulls*
9,32,50,.390,29.0,100.8,103.8,-3.11,2010,Indiana Pacers
10,27,55,.329,34.0,94.0,99.1,-5.02,2010,Detroit Pistons
11,Southeast Division,Southeast Division,Southeast Division,Southeast Division,Southeast Division,Southeast Division,Southeast Division,2010,Southeast Division
12,59,23,.720,—,102.8,95.3,7.12,2010,Orlando Magic*
13,53,29,.646,6.0,101.7,97.0,4.44,2010,Atlanta Hawks*
14,47,35,.573,12.0,96.5,94.2,1.99,2010,Miami Heat*
15,44,38,.537,15.0,95.3,93.8,1.30,2010,Charlotte Bobcats*
16,26,56,.317,33.0,96.2,101.0,-4.72,2010,Washington Wizards
0,56,26,.683,—,96.5,91.1,4.83,2011,Boston Celtics*
1,42,40,.512,14.0,106.5,105.7,0.48,2011,New York Knicks*
2,41,41,.500,15.0,99.0,97.5,1.01,2011,Philadelphia 76ers*
3,24,58,.293,32.0,94.2,100.4,-6.28,2011,New Jersey Nets
4,22,60,.268,34.0,99.1,105.4,-6.28,2011,Toronto Raptors
5,Central Division,Central Division,Central Division,Central Division,Central Division,Central Division,Central Division,2011,Central Division
6,62,20,.756,—,98.6,91.3,6.53,2011,Chicago Bulls*
7,37,45,.451,25.0,99.8,100.9,-1.38,2011,Indiana Pacers*
8,35,47,.427,27.0,91.9,92.7,-1.02,2011,Milwaukee Bucks
9,30,52,.366,32.0,97.0,100.6,-3.78,2011,Detroit Pistons
10,19,63,.232,43.0,95.5,104.5,-8.88,2011,Cleveland Cavaliers
11,Southeast Division,Southeast Division,Southeast Division,Southeast Division,Southeast Division,Southeast Division,Southeast Division,2011,Southeast Division
12,58,24,.707,—,102.1,94.6,6.76,2011,Miami Heat*
13,52,30,.634,6.0,99.2,93.7,4.92,2011,Orlando Magic*
14,44,38,.537,14.0,95.0,95.8,-1.10,2011,Atlanta Hawks*
15,34,48,.415,24.0,93.3,97.3,-4.08,2011,Charlotte Bobcats
16,23,59,.280,35.0,97.3,104.7,-7.30,2011,Washington Wizards
0,56,26,.683,—,96.5,91.1,4.83,2011,Boston Celtics*
1,42,40,.512,14.0,106.5,105.7,0.48,2011,New York Knicks*
2,41,41,.500,15.0,99.0,97.5,1.01,2011,Philadelphia 76ers*
3,24,58,.293,32.0,94.2,100.4,-6.28,2011,New Jersey Nets
4,22,60,.268,34.0,99.1,105.4,-6.28,2011,Toronto Raptors
5,Central Division,Central Division,Central Division,Central Division,Central Division,Central Division,Central Division,2011,Central Division
6,62,20,.756,—,98.6,91.3,6.53,2011,Chicago Bulls*
7,37,45,.451,25.0,99.8,100.9,-1.38,2011,Indiana Pacers*
8,35,47,.427,27.0,91.9,92.7,-1.02,2011,Milwaukee Bucks
9,30,52,.366,32.0,97.0,100.6,-3.78,2011,Detroit Pistons
10,19,63,.232,43.0,95.5,104.5,-8.88,2011,Cleveland Cavaliers
11,Southeast Division,Southeast Division,Southeast Division,Southeast Division,Southeast Division,Southeast Division,Southeast Division,2011,Southeast Division
12,58,24,.707,—,102.1,94.6,6.76,2011,Miami Heat*
13,52,30,.634,6.0,99.2,93.7,4.92,2011,Orlando Magic*
14,44,38,.537,14.0,95.0,95.8,-1.10,2011,Atlanta Hawks*
15,34,48,.415,24.0,93.3,97.3,-4.08,2011,Charlotte Bobcats
16,23,59,.280,35.0,97.3,104.7,-7.30,2011,Washington Wizards
0,39,27,.591,—,91.8,89.3,2.26,2012,Boston Celtics*
1,36,30,.545,3.0,97.8,94.7,2.39,2012,New York Knicks*
2,35,31,.530,4.0,93.6,89.4,3.59,2012,Philadelphia 76ers*
3,23,43,.348,16.0,90.7,94.0,-3.67,2012,Toronto Raptors
4,22,44,.333,17.0,93.1,99.1,-6.37,2012,New Jersey Nets
5,Central Division,Central Division,Central Division,Central Division,Central Division,Central Division,Central Division,2012,Central Division
6,50,16,.758,—,96.3,88.2,7.43,2012,Chicago Bulls*
7,42,24,.636,8.0,97.7,94.4,2.60,2012,Indiana Pacers*
8,31,35,.470,19.0,99.0,98.7,-0.23,2012,Milwaukee Bucks
9,25,41,.379,25.0,90.9,95.7,-5.19,2012,Detroit Pistons
10,21,45,.318,29.0,93.0,100.2,-7.34,2012,Cleveland Cavaliers
11,Southeast Division,Southeast Division,Southeast Division,Southeast Division,Southeast Division,Southeast Division,Southeast Division,2012,Southeast Division
12,46,20,.697,—,98.5,92.5,5.72,2012,Miami Heat*
13,40,26,.606,6.0,96.6,93.2,2.67,2012,Atlanta Hawks*
14,37,29,.561,9.0,94.2,93.4,0.46,2012,Orlando Magic*
15,20,46,.303,26.0,93.6,98.4,-5.14,2012,Washington Wizards
16,7,59,.106,39.0,87.0,100.9,-13.96,2012,Charlotte Bobcats
0,39,27,.591,—,91.8,89.3,2.26,2012,Boston Celtics*
1,36,30,.545,3.0,97.8,94.7,2.39,2012,New York Knicks*
2,35,31,.530,4.0,93.6,89.4,3.59,2012,Philadelphia 76ers*
3,23,43,.348,16.0,90.7,94.0,-3.67,2012,Toronto Raptors
4,22,44,.333,17.0,93.1,99.1,-6.37,2012,New Jersey Nets
5,Central Division,Central Division,Central Division,Central Division,Central Division,Central Division,Central Division,2012,Central Division
6,50,16,.758,—,96.3,88.2,7.43,2012,Chicago Bulls*
7,42,24,.636,8.0,97.7,94.4,2.60,2012,Indiana Pacers*
8,31,35,.470,19.0,99.0,98.7,-0.23,2012,Milwaukee Bucks
9,25,41,.379,25.0,90.9,95.7,-5.19,2012,Detroit Pistons
10,21,45,.318,29.0,93.0,100.2,-7.34,2012,Cleveland Cavaliers
11,Southeast Division,Southeast Division,Southeast Division,Southeast Division,Southeast Division,Southeast Division,Southeast Division,2012,Southeast Division
12,46,20,.697,—,98.5,92.5,5.72,2012,Miami Heat*
13,40,26,.606,6.0,96.6,93.2,2.67,2012,Atlanta Hawks*
14,37,29,.561,9.0,94.2,93.4,0.46,2012,Orlando Magic*
15,20,46,.303,26.0,93.6,98.4,-5.14,2012,Washington Wizards
16,7,59,.106,39.0,87.0,100.9,-13.96,2012,Charlotte Bobcats
0,54,28,.659,—,100.0,95.7,3.73,2013,New York Knicks*
1,49,33,.598,5.0,96.9,95.1,1.25,2013,Brooklyn Nets*
2,41,40,.506,12.5,96.5,96.7,-0.62,2013,Boston Celtics*
3,34,48,.415,20.0,93.2,96.5,-3.51,2013,Philadelphia 76ers
4,34,48,.415,20.0,97.2,98.7,-1.96,2013,Toronto Raptors
5,Central Division,Central Division,Central Division,Central Division,Central Division,Central Division,Central Division,2013,Central Division
6,49,32,.605,—,94.7,90.7,3.34,2013,Indiana Pacers*
7,45,37,.549,4.5,93.2,92.9,-0.02,2013,Chicago Bulls*
8,38,44,.463,11.5,98.9,100.4,-1.83,2013,Milwaukee Bucks*
9,29,53,.354,20.5,94.9,98.8,-4.33,2013,Detroit Pistons
10,24,58,.293,25.5,96.5,101.2,-4.87,2013,Cleveland Cavaliers
11,Southeast Division,Southeast Division,Southeast Division,Southeast Division,Southeast Division,Southeast Division,Southeast Division,2013,Southeast Division
12,66,16,.805,—,102.9,95.0,7.03,2013,Miami Heat*
13,44,38,.537,22.0,98.0,97.5,-0.08,2013,Atlanta Hawks*
14,29,53,.354,37.0,93.2,95.8,-2.78,2013,Washington Wizards
15,21,61,.256,45.0,93.4,102.7,-9.29,2013,Charlotte Bobcats
16,20,62,.244,46.0,94.1,101.1,-7.12,2013,Orlando Magic
0,54,28,.659,—,100.0,95.7,3.73,2013,New York Knicks*
1,49,33,.598,5.0,96.9,95.1,1.25,2013,Brooklyn Nets*
2,41,40,.506,12.5,96.5,96.7,-0.62,2013,Boston Celtics*
3,34,48,.415,20.0,93.2,96.5,-3.51,2013,Philadelphia 76ers
4,34,48,.415,20.0,97.2,98.7,-1.96,2013,Toronto Raptors
5,Central Division,Central Division,Central Division,Central Division,Central Division,Central Division,Central Division,2013,Central Division
6,49,32,.605,—,94.7,90.7,3.34,2013,Indiana Pacers*
7,45,37,.549,4.5,93.2,92.9,-0.02,2013,Chicago Bulls*
8,38,44,.463,11.5,98.9,100.4,-1.83,2013,Milwaukee Bucks*
9,29,53,.354,20.5,94.9,98.8,-4.33,2013,Detroit Pistons
10,24,58,.293,25.5,96.5,101.2,-4.87,2013,Cleveland Cavaliers
11,Southeast Division,Southeast Division,Southeast Division,Southeast Division,Southeast Division,Southeast Division,Southeast Division,2013,Southeast Division
12,66,16,.805,—,102.9,95.0,7.03,2013,Miami Heat*
13,44,38,.537,22.0,98.0,97.5,-0.08,2013,Atlanta Hawks*
14,29,53,.354,37.0,93.2,95.8,-2.78,2013,Washington Wizards
15,21,61,.256,45.0,93.4,102.7,-9.29,2013,Charlotte Bobcats
16,20,62,.244,46.0,94.1,101.1,-7.12,2013,Orlando Magic
0,48,34,.585,—,101.3,98.0,2.55,2014,Toronto Raptors*
1,44,38,.537,4.0,98.5,99.5,-1.58,2014,Brooklyn Nets*
2,37,45,.451,11.0,98.6,99.4,-1.40,2014,New York Knicks
3,25,57,.305,23.0,96.2,100.7,-4.97,2014,Boston Celtics
4,19,63,.232,29.0,99.5,109.9,-10.66,2014,Philadelphia 76ers
5,Central Division,Central Division,Central Division,Central Division,Central Division,Central Division,Central Division,2014,Central Division
6,56,26,.683,—,96.7,92.3,3.63,2014,Indiana Pacers*
7,48,34,.585,8.0,93.7,91.8,1.20,2014,Chicago Bulls*
8,33,49,.402,23.0,98.2,101.5,-3.86,2014,Cleveland Cavaliers
9,29,53,.354,27.0,101.0,104.7,-4.13,2014,Detroit Pistons
10,15,67,.183,41.0,95.5,103.7,-8.41,2014,Milwaukee Bucks
11,Southeast Division,Southeast Division,Southeast Division,Southeast Division,Southeast Division,Southeast Division,Southeast Division,2014,Southeast Division
12,54,28,.659,—,102.2,97.4,4.15,2014,Miami Heat*
13,44,38,.537,10.0,100.7,99.4,0.48,2014,Washington Wizards*
14,43,39,.524,11.0,96.9,97.1,-0.89,2014,Charlotte Bobcats*
15,38,44,.463,16.0,101.0,101.5,-0.88,2014,Atlanta Hawks*
16,23,59,.280,31.0,96.5,102.0,-5.88,2014,Orlando Magic
0,48,34,.585,—,101.3,98.0,2.55,2014,Toronto Raptors*
1,44,38,.537,4.0,98.5,99.5,-1.58,2014,Brooklyn Nets*
2,37,45,.451,11.0,98.6,99.4,-1.40,2014,New York Knicks
3,25,57,.305,23.0,96.2,100.7,-4.97,2014,Boston Celtics
4,19,63,.232,29.0,99.5,109.9,-10.66,2014,Philadelphia 76ers
5,Central Division,Central Division,Central Division,Central Division,Central Division,Central Division,Central Division,2014,Central Division
6,56,26,.683,—,96.7,92.3,3.63,2014,Indiana Pacers*
7,48,34,.585,8.0,93.7,91.8,1.20,2014,Chicago Bulls*
8,33,49,.402,23.0,98.2,101.5,-3.86,2014,Cleveland Cavaliers
9,29,53,.354,27.0,101.0,104.7,-4.13,2014,Detroit Pistons
10,15,67,.183,41.0,95.5,103.7,-8.41,2014,Milwaukee Bucks
11,Southeast Division,Southeast Division,Southeast Division,Southeast Division,Southeast Division,Southeast Division,Southeast Division,2014,Southeast Division
12,54,28,.659,—,102.2,97.4,4.15,2014,Miami Heat*
13,44,38,.537,10.0,100.7,99.4,0.48,2014,Washington Wizards*
14,43,39,.524,11.0,96.9,97.1,-0.89,2014,Charlotte Bobcats*
15,38,44,.463,16.0,101.0,101.5,-0.88,2014,Atlanta Hawks*
16,23,59,.280,31.0,96.5,102.0,-5.88,2014,Orlando Magic
0,49,33,.598,—,104.0,100.9,2.45,2015,Toronto Raptors*
1,40,42,.488,9.0,101.4,101.2,-0.40,2015,Boston Celtics*
2,38,44,.463,11.0,98.0,100.9,-3.13,2015,Brooklyn Nets*
3,18,64,.220,31.0,92.0,101.0,-9.04,2015,Philadelphia 76ers
4,17,65,.207,32.0,91.9,101.2,-9.50,2015,New York Knicks
5,Central Division,Central Division,Central Division,Central Division,Central Division,Central Division,Central Division,2015,Central Division
6,53,29,.646,—,103.1,98.7,4.08,2015,Cleveland Cavaliers*
7,50,32,.610,3.0,100.8,97.8,2.54,2015,Chicago Bulls*
8,41,41,.500,12.0,97.8,97.4,-0.09,2015,Milwaukee Bucks*
9,38,44,.463,15.0,97.3,97.0,-0.23,2015,Indiana Pacers
10,32,50,.390,21.0,98.5,99.5,-1.39,2015,Detroit Pistons
11,Southeast Division,Southeast Division,Southeast Division,Southeast Division,Southeast Division,Southeast Division,Southeast Division,2015,Southeast Division
12,60,22,.732,—,102.5,97.1,4.75,2015,Atlanta Hawks*
13,46,36,.561,14.0,98.5,97.8,0.17,2015,Washington Wizards*
14,37,45,.451,23.0,94.7,97.3,-2.92,2015,Miami Heat
15,33,49,.402,27.0,94.2,97.3,-3.44,2015,Charlotte Hornets
16,25,57,.305,35.0,95.7,101.4,-5.87,2015,Orlando Magic
0,49,33,.598,—,104.0,100.9,2.45,2015,Toronto Raptors*
1,40,42,.488,9.0,101.4,101.2,-0.40,2015,Boston Celtics*
2,38,44,.463,11.0,98.0,100.9,-3.13,2015,Brooklyn Nets*
3,18,64,.220,31.0,92.0,101.0,-9.04,2015,Philadelphia 76ers
4,17,65,.207,32.0,91.9,101.2,-9.50,2015,New York Knicks
5,Central Division,Central Division,Central Division,Central Division,Central Division,Central Division,Central Division,2015,Central Division
6,53,29,.646,—,103.1,98.7,4.08,2015,Cleveland Cavaliers*
7,50,32,.610,3.0,100.8,97.8,2.54,2015,Chicago Bulls*
8,41,41,.500,12.0,97.8,97.4,-0.09,2015,Milwaukee Bucks*
9,38,44,.463,15.0,97.3,97.0,-0.23,2015,Indiana Pacers
10,32,50,.390,21.0,98.5,99.5,-1.39,2015,Detroit Pistons
11,Southeast Division,Southeast Division,Southeast Division,Southeast Division,Southeast Division,Southeast Division,Southeast Division,2015,Southeast Division
12,60,22,.732,—,102.5,97.1,4.75,2015,Atlanta Hawks*
13,46,36,.561,14.0,98.5,97.8,0.17,2015,Washington Wizards*
14,37,45,.451,23.0,94.7,97.3,-2.92,2015,Miami Heat
15,33,49,.402,27.0,94.2,97.3,-3.44,2015,Charlotte Hornets
16,25,57,.305,35.0,95.7,101.4,-5.87,2015,Orlando Magic
0,56,26,.683,—,102.7,98.2,4.08,2016,Toronto Raptors*
1,48,34,.585,8.0,105.7,102.5,2.84,2016,Boston Celtics*
2,32,50,.390,24.0,98.4,101.1,-2.74,2016,New York Knicks
3,21,61,.256,35.0,98.6,106.0,-7.12,2016,Brooklyn Nets
4,10,72,.122,46.0,97.4,107.6,-9.92,2016,Philadelphia 76ers
5,Central Division,Central Division,Central Division,Central Division,Central Division,Central Division,Central Division,2016,Central Division
6,57,25,.695,—,104.3,98.3,5.45,2016,Cleveland Cavaliers*
7,45,37,.549,12.0,102.2,100.5,1.62,2016,Indiana Pacers*
8,44,38,.537,13.0,102.0,101.4,0.43,2016,Detroit Pistons*
9,42,40,.512,15.0,101.6,103.1,-1.46,2016,Chicago Bulls
10,33,49,.402,24.0,99.0,103.2,-3.98,2016,Milwaukee Bucks
11,Southeast Division,Southeast Division,Southeast Division,Southeast Division,Southeast Division,Southeast Division,Southeast Division,2016,Southeast Division
12,48,34,.585,—,100.0,98.4,1.50,2016,Miami Heat*
13,48,34,.585,—,102.8,99.2,3.49,2016,Atlanta Hawks*
14,48,34,.585,—,103.4,100.7,2.36,2016,Charlotte Hornets*
15,41,41,.500,7.0,104.1,104.6,-0.50,2016,Washington Wizards
16,35,47,.427,13.0,102.1,103.7,-1.68,2016,Orlando Magic
0,56,26,.683,—,102.7,98.2,4.08,2016,Toronto Raptors*
1,48,34,.585,8.0,105.7,102.5,2.84,2016,Boston Celtics*
2,32,50,.390,24.0,98.4,101.1,-2.74,2016,New York Knicks
3,21,61,.256,35.0,98.6,106.0,-7.12,2016,Brooklyn Nets
4,10,72,.122,46.0,97.4,107.6,-9.92,2016,Philadelphia 76ers
5,Central Division,Central Division,Central Division,Central Division,Central Division,Central Division,Central Division,2016,Central Division
6,57,25,.695,—,104.3,98.3,5.45,2016,Cleveland Cavaliers*
7,45,37,.549,12.0,102.2,100.5,1.62,2016,Indiana Pacers*
8,44,38,.537,13.0,102.0,101.4,0.43,2016,Detroit Pistons*
9,42,40,.512,15.0,101.6,103.1,-1.46,2016,Chicago Bulls
10,33,49,.402,24.0,99.0,103.2,-3.98,2016,Milwaukee Bucks
11,Southeast Division,Southeast Division,Southeast Division,Southeast Division,Southeast Division,Southeast Division,Southeast Division,2016,Southeast Division
12,48,34,.585,—,100.0,98.4,1.50,2016,Miami Heat*
13,48,34,.585,—,102.8,99.2,3.49,2016,Atlanta Hawks*
14,48,34,.585,—,103.4,100.7,2.36,2016,Charlotte Hornets*
15,41,41,.500,7.0,104.1,104.6,-0.50,2016,Washington Wizards
16,35,47,.427,13.0,102.1,103.7,-1.68,2016,Orlando Magic
0,53,29,.646,—,108.0,105.4,2.25,2017,Boston Celtics*
1,51,31,.622,2.0,106.9,102.6,3.65,2017,Toronto Raptors*
2,31,51,.378,22.0,104.3,108.0,-3.87,2017,New York Knicks
3,28,54,.341,25.0,102.4,108.1,-5.83,2017,Philadelphia 76ers
4,20,62,.244,33.0,105.8,112.5,-6.74,2017,Brooklyn Nets
5,Central Division,Central Division,Central Division,Central Division,Central Division,Central Division,Central Division,2017,Central Division
6,51,31,.622,—,110.3,107.2,2.87,2017,Cleveland Cavaliers*
7,42,40,.512,9.0,103.6,103.8,-0.45,2017,Milwaukee Bucks*
8,42,40,.512,9.0,105.1,105.3,-0.64,2017,Indiana Pacers*
9,41,41,.500,10.0,102.9,102.4,0.03,2017,Chicago Bulls*
10,37,45,.451,14.0,101.3,102.5,-1.29,2017,Detroit Pistons
11,Southeast Division,Southeast Division,Southeast Division,Southeast Division,Southeast Division,Southeast Division,Southeast Division,2017,Southeast Division
12,49,33,.598,—,109.2,107.4,1.36,2017,Washington Wizards*
13,43,39,.524,6.0,103.2,104.0,-1.23,2017,Atlanta Hawks*
14,41,41,.500,8.0,103.2,102.1,0.77,2017,Miami Heat
15,36,46,.439,13.0,104.9,104.7,-0.07,2017,Charlotte Hornets
16,29,53,.354,20.0,101.1,107.6,-6.61,2017,Orlando Magic
0,53,29,.646,—,108.0,105.4,2.25,2017,Boston Celtics*
1,51,31,.622,2.0,106.9,102.6,3.65,2017,Toronto Raptors*
2,31,51,.378,22.0,104.3,108.0,-3.87,2017,New York Knicks
3,28,54,.341,25.0,102.4,108.1,-5.83,2017,Philadelphia 76ers
4,20,62,.244,33.0,105.8,112.5,-6.74,2017,Brooklyn Nets
5,Central Division,Central Division,Central Division,Central Division,Central Division,Central Division,Central Division,2017,Central Division
6,51,31,.622,—,110.3,107.2,2.87,2017,Cleveland Cavaliers*
7,42,40,.512,9.0,103.6,103.8,-0.45,2017,Milwaukee Bucks*
8,42,40,.512,9.0,105.1,105.3,-0.64,2017,Indiana Pacers*
9,41,41,.500,10.0,102.9,102.4,0.03,2017,Chicago Bulls*
10,37,45,.451,14.0,101.3,102.5,-1.29,2017,Detroit Pistons
11,Southeast Division,Southeast Division,Southeast Division,Southeast Division,Southeast Division,Southeast Division,Southeast Division,2017,Southeast Division
12,49,33,.598,—,109.2,107.4,1.36,2017,Washington Wizards*
13,43,39,.524,6.0,103.2,104.0,-1.23,2017,Atlanta Hawks*
14,41,41,.500,8.0,103.2,102.1,0.77,2017,Miami Heat
15,36,46,.439,13.0,104.9,104.7,-0.07,2017,Charlotte Hornets
16,29,53,.354,20.0,101.1,107.6,-6.61,2017,Orlando Magic
0,59,23,.720,—,111.7,103.9,7.29,2018,Toronto Raptors*
1,55,27,.671,4.0,104.0,100.4,3.23,2018,Boston Celtics*
2,52,30,.634,7.0,109.8,105.3,4.30,2018,Philadelphia 76ers*
3,29,53,.354,30.0,104.5,108.0,-3.53,2018,New York Knicks
4,28,54,.341,31.0,106.6,110.3,-3.67,2018,Brooklyn Nets
5,Central Division,Central Division,Central Division,Central Division,Central Division,Central Division,Central Division,2018,Central Division
6,50,32,.610,—,110.9,109.9,0.59,2018,Cleveland Cavaliers*
7,48,34,.585,2.0,105.6,104.2,1.18,2018,Indiana Pacers*
8,44,38,.537,6.0,106.5,106.8,-0.45,2018,Milwaukee Bucks*
9,39,43,.476,11.0,103.8,103.9,-0.26,2018,Detroit Pistons
10,27,55,.329,23.0,102.9,110.0,-6.84,2018,Chicago Bulls
11,Southeast Division,Southeast Division,Southeast Division,Southeast Division,Southeast Division,Southeast Division,Southeast Division,2018,Southeast Division
12,44,38,.537,—,103.4,102.9,0.15,2018,Miami Heat*
13,43,39,.524,1.0,106.6,106.0,0.53,2018,Washington Wizards*
14,36,46,.439,8.0,108.2,108.0,0.07,2018,Charlotte Hornets
15,25,57,.305,19.0,103.4,108.2,-4.92,2018,Orlando Magic
16,24,58,.293,20.0,103.4,108.8,-5.30,2018,Atlanta Hawks
0,59,23,.720,—,111.7,103.9,7.29,2018,Toronto Raptors*
1,55,27,.671,4.0,104.0,100.4,3.23,2018,Boston Celtics*
2,52,30,.634,7.0,109.8,105.3,4.30,2018,Philadelphia 76ers*
3,29,53,.354,30.0,104.5,108.0,-3.53,2018,New York Knicks
4,28,54,.341,31.0,106.6,110.3,-3.67,2018,Brooklyn Nets
5,Central Division,Central Division,Central Division,Central Division,Central Division,Central Division,Central Division,2018,Central Division
6,50,32,.610,—,110.9,109.9,0.59,2018,Cleveland Cavaliers*
7,48,34,.585,2.0,105.6,104.2,1.18,2018,Indiana Pacers*
8,44,38,.537,6.0,106.5,106.8,-0.45,2018,Milwaukee Bucks*
9,39,43,.476,11.0,103.8,103.9,-0.26,2018,Detroit Pistons
10,27,55,.329,23.0,102.9,110.0,-6.84,2018,Chicago Bulls
11,Southeast Division,Southeast Division,Southeast Division,Southeast Division,Southeast Division,Southeast Division,Southeast Division,2018,Southeast Division
12,44,38,.537,—,103.4,102.9,0.15,2018,Miami Heat*
13,43,39,.524,1.0,106.6,106.0,0.53,2018,Washington Wizards*
14,36,46,.439,8.0,108.2,108.0,0.07,2018,Charlotte Hornets
15,25,57,.305,19.0,103.4,108.2,-4.92,2018,Orlando Magic
16,24,58,.293,20.0,103.4,108.8,-5.30,2018,Atlanta Hawks
0,58,24,.707,—,114.4,108.4,5.49,2019,Toronto Raptors*
1,51,31,.622,7.0,115.2,112.5,2.25,2019,Philadelphia 76ers*
2,49,33,.598,9.0,112.4,108.0,3.90,2019,Boston Celtics*
3,42,40,.512,16.0,112.2,112.3,-0.40,2019,Brooklyn Nets*
4,17,65,.207,41.0,104.6,113.8,-8.93,2019,New York Knicks
5,Central Division,Central Division,Central Division,Central Division,Central Division,Central Division,Central Division,2019,Central Division
6,60,22,.732,—,118.1,109.3,8.04,2019,Milwaukee Bucks*
7,48,34,.585,12.0,108.0,104.7,2.76,2019,Indiana Pacers*
8,41,41,.500,19.0,107.0,107.3,-0.56,2019,Detroit Pistons*
9,22,60,.268,38.0,104.9,113.4,-8.32,2019,Chicago Bulls
10,19,63,.232,41.0,104.5,114.1,-9.39,2019,Cleveland Cavaliers
11,Southeast Division,Southeast Division,Southeast Division,Southeast Division,Southeast Division,Southeast Division,Southeast Division,2019,Southeast Division
12,42,40,.512,—,107.3,106.6,0.28,2019,Orlando Magic*
13,39,43,.476,3.0,110.7,111.8,-1.32,2019,Charlotte Hornets
14,39,43,.476,3.0,105.7,105.9,-0.45,2019,Miami Heat
15,32,50,.390,10.0,114.0,116.9,-3.30,2019,Washington Wizards
16,29,53,.354,13.0,113.3,119.4,-6.06,2019,Atlanta Hawks
0,58,24,.707,—,114.4,108.4,5.49,2019,Toronto Raptors*
1,51,31,.622,7.0,115.2,112.5,2.25,2019,Philadelphia 76ers*
2,49,33,.598,9.0,112.4,108.0,3.90,2019,Boston Celtics*
3,42,40,.512,16.0,112.2,112.3,-0.40,2019,Brooklyn Nets*
4,17,65,.207,41.0,104.6,113.8,-8.93,2019,New York Knicks
5,Central Division,Central Division,Central Division,Central Division,Central Division,Central Division,Central Division,2019,Central Division
6,60,22,.732,—,118.1,109.3,8.04,2019,Milwaukee Bucks*
7,48,34,.585,12.0,108.0,104.7,2.76,2019,Indiana Pacers*
8,41,41,.500,19.0,107.0,107.3,-0.56,2019,Detroit Pistons*
9,22,60,.268,38.0,104.9,113.4,-8.32,2019,Chicago Bulls
10,19,63,.232,41.0,104.5,114.1,-9.39,2019,Cleveland Cavaliers
11,Southeast Division,Southeast Division,Southeast Division,Southeast Division,Southeast Division,Southeast Division,Southeast Division,2019,Southeast Division
12,42,40,.512,—,107.3,106.6,0.28,2019,Orlando Magic*
13,39,43,.476,3.0,110.7,111.8,-1.32,2019,Charlotte Hornets
14,39,43,.476,3.0,105.7,105.9,-0.45,2019,Miami Heat
15,32,50,.390,10.0,114.0,116.9,-3.30,2019,Washington Wizards
16,29,53,.354,13.0,113.3,119.4,-6.06,2019,Atlanta Hawks
0,53,19,.736,—,112.8,106.5,5.97,2020,Toronto Raptors*
1,48,24,.667,5.0,113.7,107.3,5.83,2020,Boston Celtics*
2,43,30,.589,10.5,110.7,108.4,2.25,2020,Philadelphia 76ers*
3,35,37,.486,18.0,111.8,112.3,-1.01,2020,Brooklyn Nets*
4,21,45,.318,29.0,105.8,112.3,-6.72,2020,New York Knicks
5,Central Division,Central Division,Central Division,Central Division,Central Division,Central Division,Central Division,2020,Central Division
6,56,17,.767,—,118.7,108.6,9.41,2020,Milwaukee Bucks*
7,45,28,.616,11.0,109.4,107.5,1.63,2020,Indiana Pacers*
8,22,43,.338,30.0,106.8,109.9,-4.00,2020,Chicago Bulls
9,20,46,.303,32.5,107.2,110.8,-4.38,2020,Detroit Pistons
10,19,46,.292,33.0,106.9,114.8,-7.77,2020,Cleveland Cavaliers
11,Southeast Division,Southeast Division,Southeast Division,Southeast Division,Southeast Division,Southeast Division,Southeast Division,2020,Southeast Division
12,44,29,.603,—,112.0,109.1,2.59,2020,Miami Heat*
13,33,40,.452,11.0,107.3,108.3,-0.93,2020,Orlando Magic*
14,23,42,.354,17.0,102.9,109.6,-7.03,2020,Charlotte Hornets
15,25,47,.347,18.5,114.4,119.1,-5.24,2020,Washington Wizards
16,20,47,.299,21.0,111.8,119.7,-7.71,2020,Atlanta Hawks
0,53,19,.736,—,112.8,106.5,5.97,2020,Toronto Raptors*
1,48,24,.667,5.0,113.7,107.3,5.83,2020,Boston Celtics*
2,43,30,.589,10.5,110.7,108.4,2.25,2020,Philadelphia 76ers*
3,35,37,.486,18.0,111.8,112.3,-1.01,2020,Brooklyn Nets*
4,21,45,.318,29.0,105.8,112.3,-6.72,2020,New York Knicks
5,Central Division,Central Division,Central Division,Central Division,Central Division,Central Division,Central Division,2020,Central Division
6,56,17,.767,—,118.7,108.6,9.41,2020,Milwaukee Bucks*
7,45,28,.616,11.0,109.4,107.5,1.63,2020,Indiana Pacers*
8,22,43,.338,30.0,106.8,109.9,-4.00,2020,Chicago Bulls
9,20,46,.303,32.5,107.2,110.8,-4.38,2020,Detroit Pistons
10,19,46,.292,33.0,106.9,114.8,-7.77,2020,Cleveland Cavaliers
11,Southeast Division,Southeast Division,Southeast Division,Southeast Division,Southeast Division,Southeast Division,Southeast Division,2020,Southeast Division
12,44,29,.603,—,112.0,109.1,2.59,2020,Miami Heat*
13,33,40,.452,11.0,107.3,108.3,-0.93,2020,Orlando Magic*
14,23,42,.354,17.0,102.9,109.6,-7.03,2020,Charlotte Hornets
15,25,47,.347,18.5,114.4,119.1,-5.24,2020,Washington Wizards
16,20,47,.299,21.0,111.8,119.7,-7.71,2020,Atlanta Hawks
0,49,23,.681,—,113.6,108.1,5.28,2021,Philadelphia 76ers*
1,48,24,.667,1.0,118.6,114.1,4.24,2021,Brooklyn Nets*
2,41,31,.569,8.0,107.0,104.7,2.13,2021,New York Knicks*
3,36,36,.500,13.0,112.6,111.2,1.32,2021,Boston Celtics*
4,27,45,.375,22.0,111.3,111.7,-0.54,2021,Toronto Raptors
5,Central Division,Central Division,Central Division,Central Division,Central Division,Central Division,Central Division,2021,Central Division
6,46,26,.639,—,120.1,114.2,5.57,2021,Milwaukee Bucks*
7,34,38,.472,12.0,115.3,115.3,-0.13,2021,Indiana Pacers
8,31,41,.431,15.0,110.7,111.6,-0.94,2021,Chicago Bulls
9,22,50,.306,24.0,103.8,112.3,-8.19,2021,Cleveland Cavaliers
10,20,52,.278,26.0,106.6,111.1,-4.38,2021,Detroit Pistons
11,Southeast Division,Southeast Division,Southeast Division,Southeast Division,Southeast Division,Southeast Division,Southeast Division,2021,Southeast Division
12,41,31,.569,—,113.7,111.4,2.14,2021,Atlanta Hawks*
13,40,32,.556,1.0,108.1,108.0,-0.06,2021,Miami Heat*
14,34,38,.472,7.0,116.6,118.5,-1.85,2021,Washington Wizards*
15,33,39,.458,8.0,109.5,111.4,-1.94,2021,Charlotte Hornets
16,21,51,.292,20.0,104.0,113.3,-9.02,2021,Orlando Magic
0,49,23,.681,—,113.6,108.1,5.28,2021,Philadelphia 76ers*
1,48,24,.667,1.0,118.6,114.1,4.24,2021,Brooklyn Nets*
2,41,31,.569,8.0,107.0,104.7,2.13,2021,New York Knicks*
3,36,36,.500,13.0,112.6,111.2,1.32,2021,Boston Celtics*
4,27,45,.375,22.0,111.3,111.7,-0.54,2021,Toronto Raptors
5,Central Division,Central Division,Central Division,Central Division,Central Division,Central Division,Central Division,2021,Central Division
6,46,26,.639,—,120.1,114.2,5.57,2021,Milwaukee Bucks*
7,34,38,.472,12.0,115.3,115.3,-0.13,2021,Indiana Pacers
8,31,41,.431,15.0,110.7,111.6,-0.94,2021,Chicago Bulls
9,22,50,.306,24.0,103.8,112.3,-8.19,2021,Cleveland Cavaliers
10,20,52,.278,26.0,106.6,111.1,-4.38,2021,Detroit Pistons
11,Southeast Division,Southeast Division,Southeast Division,Southeast Division,Southeast Division,Southeast Division,Southeast Division,2021,Southeast Division
12,41,31,.569,—,113.7,111.4,2.14,2021,Atlanta Hawks*
13,40,32,.556,1.0,108.1,108.0,-0.06,2021,Miami Heat*
14,34,38,.472,7.0,116.6,118.5,-1.85,2021,Washington Wizards*
15,33,39,.458,8.0,109.5,111.4,-1.94,2021,Charlotte Hornets
16,21,51,.292,20.0,104.0,113.3,-9.02,2021,Orlando Magic
0,51,31,.622,—,111.8,104.5,7.02,2022,Boston Celtics*
1,51,31,.622,—,109.9,107.3,2.57,2022,Philadelphia 76ers*
2,48,34,.585,3.0,109.4,107.1,2.38,2022,Toronto Raptors*
3,44,38,.537,7.0,112.9,112.1,0.82,2022,Brooklyn Nets*
4,37,45,.451,14.0,106.5,106.6,-0.01,2022,New York Knicks
5,Central Division,Central Division,Central Division,Central Division,Central Division,Central Division,Central Division,2022,Central Division
6,51,31,.622,—,115.5,112.1,3.22,2022,Milwaukee Bucks*
7,46,36,.561,5.0,111.6,112.0,-0.38,2022,Chicago Bulls*
8,44,38,.537,7.0,107.8,105.7,2.04,2022,Cleveland Cavaliers
9,25,57,.305,26.0,111.5,114.9,-3.26,2022,Indiana Pacers
10,23,59,.280,28.0,104.8,112.5,-7.36,2022,Detroit Pistons
11,Southeast Division,Southeast Division,Southeast Division,Southeast Division,Southeast Division,Southeast Division,Southeast Division,2022,Southeast Division
12,53,29,.646,—,110.0,105.6,4.23,2022,Miami Heat*
13,43,39,.524,10.0,113.9,112.4,1.55,2022,Atlanta Hawks*
14,43,39,.524,10.0,115.3,114.9,0.53,2022,Charlotte Hornets
15,35,47,.427,18.0,108.6,112.0,-3.23,2022,Washington Wizards
16,22,60,.268,31.0,104.2,112.2,-7.67,2022,Orlando Magic
0,51,31,.622,—,111.8,104.5,7.02,2022,Boston Celtics*
1,51,31,.622,—,109.9,107.3,2.57,2022,Philadelphia 76ers*
2,48,34,.585,3.0,109.4,107.1,2.38,2022,Toronto Raptors*
3,44,38,.537,7.0,112.9,112.1,0.82,2022,Brooklyn Nets*
4,37,45,.451,14.0,106.5,106.6,-0.01,2022,New York Knicks
5,Central Division,Central Division,Central Division,Central Division,Central Division,Central Division,Central Division,2022,Central Division
6,51,31,.622,—,115.5,112.1,3.22,2022,Milwaukee Bucks*
7,46,36,.561,5.0,111.6,112.0,-0.38,2022,Chicago Bulls*
8,44,38,.537,7.0,107.8,105.7,2.04,2022,Cleveland Cavaliers
9,25,57,.305,26.0,111.5,114.9,-3.26,2022,Indiana Pacers
10,23,59,.280,28.0,104.8,112.5,-7.36,2022,Detroit Pistons
11,Southeast Division,Southeast Division,Southeast Division,Southeast Division,Southeast Division,Southeast Division,Southeast Division,2022,Southeast Division
12,53,29,.646,—,110.0,105.6,4.23,2022,Miami Heat*
13,43,39,.524,10.0,113.9,112.4,1.55,2022,Atlanta Hawks*
14,43,39,.524,10.0,115.3,114.9,0.53,2022,Charlotte Hornets
15,35,47,.427,18.0,108.6,112.0,-3.23,2022,Washington Wizards
16,22,60,.268,31.0,104.2,112.2,-7.67,2022,Orlando Magic
0,57,25,.695,—,117.9,111.4,6.38,2023,Boston Celtics* (2)
1,54,28,.659,3.0,115.2,110.9,4.37,2023,Philadelphia 76ers* (3)
2,47,35,.573,10.0,116.0,113.1,2.99,2023,New York Knicks* (5)
3,45,37,.549,12.0,113.4,112.5,1.03,2023,Brooklyn Nets* (6)
4,41,41,.500,16.0,112.9,111.4,1.59,2023,Toronto Raptors* (9)
5,Central Division,Central Division,Central Division,Central Division,Central Division,Central Division,Central Division,2023,Central Division
6,58,24,.707,—,116.9,113.3,3.61,2023,Milwaukee Bucks* (1)
7,51,31,.622,7.0,112.3,106.9,5.23,2023,Cleveland Cavaliers* (4)
8,40,42,.488,18.0,113.1,111.8,1.37,2023,Chicago Bulls* (10)
9,35,47,.427,23.0,116.3,119.5,-2.91,2023,Indiana Pacers (11)
10,17,65,.207,41.0,110.3,118.5,-7.73,2023,Detroit Pistons (15)
11,Southeast Division,Southeast Division,Southeast Division,Southeast Division,Southeast Division,Southeast Division,Southeast Division,2023,Southeast Division
12,44,38,.537,—,109.5,109.8,-0.13,2023,Miami Heat* (7)
13,41,41,.500,3.0,118.4,118.1,0.32,2023,Atlanta Hawks* (8)
14,35,47,.427,9.0,113.2,114.4,-1.06,2023,Washington Wizards (12)
15,34,48,.415,10.0,111.4,114.0,-2.39,2023,Orlando Magic (13)
16,27,55,.329,17.0,111.0,117.2,-5.89,2023,Charlotte Hornets (14)
0,57,25,.695,—,117.9,111.4,6.38,2023,Boston Celtics* (2)
1,54,28,.659,3.0,115.2,110.9,4.37,2023,Philadelphia 76ers* (3)
2,47,35,.573,10.0,116.0,113.1,2.99,2023,New York Knicks* (5)
3,45,37,.549,12.0,113.4,112.5,1.03,2023,Brooklyn Nets* (6)
4,41,41,.500,16.0,112.9,111.4,1.59,2023,Toronto Raptors* (9)
5,Central Division,Central Division,Central Division,Central Division,Central Division,Central Division,Central Division,2023,Central Division
6,58,24,.707,—,116.9,113.3,3.61,2023,Milwaukee Bucks* (1)
7,51,31,.622,7.0,112.3,106.9,5.23,2023,Cleveland Cavaliers* (4)
8,40,42,.488,18.0,113.1,111.8,1.37,2023,Chicago Bulls* (10)
9,35,47,.427,23.0,116.3,119.5,-2.91,2023,Indiana Pacers (11)
10,17,65,.207,41.0,110.3,118.5,-7.73,2023,Detroit Pistons (15)
11,Southeast Division,Southeast Division,Southeast Division,Southeast Division,Southeast Division,Southeast Division,Southeast Division,2023,Southeast Division
12,44,38,.537,—,109.5,109.8,-0.13,2023,Miami Heat* (7)
13,41,41,.500,3.0,118.4,118.1,0.32,2023,Atlanta Hawks* (8)
14,35,47,.427,9.0,113.2,114.4,-1.06,2023,Washington Wizards (12)
15,34,48,.415,10.0,111.4,114.0,-2.39,2023,Orlando Magic (13)
16,27,55,.329,17.0,111.0,117.2,-5.89,2023,Charlotte Hornets (14)
